OC_Medical_Easy_01;小肠的功能是？（单选）;1;将初步消化的食物输送至肠道;N;Qtype;OC Medical Easy;;points;
OC_Medical_Easy_01;小肠的功能是？（单选）;2;通过食管的收缩，将食物推送至胃;N;Qtype;OC Medical Easy;;points;
OC_Medical_Easy_01;小肠的功能是？（单选）;3;分泌消化液，以促进消化;N;Qtype;OC Medical Easy;;points;
OC_Medical_Easy_01;小肠的功能是？（单选）;4;消化以及经黏膜吸收脂肪、碳水化合物和蛋白质;Y;Qtype;OC Medical Easy;;points;
OC_Medical_Easy_02;下列关于造口的说法正确的是？（多选）;1;皮肤表面的人造开口;Y;Qtype;OC Medical Easy;;points;
OC_Medical_Easy_02;下列关于造口的说法正确的是？（多选）;2;祛除疾病和／或减轻症状的外科手术结果;Y;Qtype;OC Medical Easy;;points;
OC_Medical_Easy_02;下列关于造口的说法正确的是？（多选）;3;对排便失去控制能力;Y;Qtype;OC Medical Easy;;points;
OC_Medical_Easy_02;下列关于造口的说法正确的是？（多选）;4;对排气失去控制能力;Y;Qtype;OC Medical Easy;;points;
OC_Medical_Easy_03;以下关于造口描述正确的有？（多选）;1;回肠造口通常与皮肤表面平齐;N;Qtype;OC Medical Easy;;points;
OC_Medical_Easy_03;以下关于造口描述正确的有？（多选）;2;临时造口中常做襻式造口以便回纳;Y;Qtype;OC Medical Easy;;points;
OC_Medical_Easy_03;以下关于造口描述正确的有？（多选）;3;一个健康的造口摸上去应该感觉是温暖的;Y;Qtype;OC Medical Easy;;points;
OC_Medical_Easy_03;以下关于造口描述正确的有？（多选）;4;造口黏膜少量出血时，造口人会感觉到疼痛;N;Qtype;OC Medical Easy;;points;
OC_Medical_Easy_04;如果一个造口位于腹部左侧，它最有可能是什么造口? （单选）;1;尿路造口;N;Qtype;OC Medical Easy;;points;
OC_Medical_Easy_04;如果一个造口位于腹部左侧，它最有可能是什么造口? （单选）;2;回肠造口;N;Qtype;OC Medical Easy;;points;
OC_Medical_Easy_04;如果一个造口位于腹部左侧，它最有可能是什么造口? （单选）;3; 结肠造口;Y;Qtype;OC Medical Easy;;points;
OC_Medical_Easy_05;下列哪种造口始终是永久性的?（单选）;1;结肠造口;N;Qtype;OC Medical Easy;;points;
OC_Medical_Easy_05;下列哪种造口始终是永久性的?（单选）;2;回肠造口;N;Qtype;OC Medical Easy;;points;
OC_Medical_Easy_05;下列哪种造口始终是永久性的?（单选）;3;尿路造口;Y;Qtype;OC Medical Easy;;points;
OC_Medical_Easy_06;下列哪种术式会导致永久性结肠造口？（单选）;1;直肠会阴联合切除术;Y;Qtype;OC Medical Easy;;points;
OC_Medical_Easy_06;下列哪种术式会导致永久性结肠造口？（单选）;2;低位前切除术;N;Qtype;OC Medical Easy;;points;
OC_Medical_Easy_06;下列哪种术式会导致永久性结肠造口？（单选）;3;回肠膀胱术;N;Qtype;OC Medical Easy;;points;
OC_Medical_Easy_06;下列哪种术式会导致永久性结肠造口？（单选）;4;输尿管皮肤造口术;N;Qtype;OC Medical Easy;;points;
OC_Medical_Easy_07;临时性造口中哪些类型的造口比较常见？（多选）;1; 回肠造口;Y;Qtype;OC Medical Easy;;points;
OC_Medical_Easy_07;临时性造口中哪些类型的造口比较常见？（多选）;2;横结肠造口;Y;Qtype;OC Medical Easy;;points;
OC_Medical_Easy_07;临时性造口中哪些类型的造口比较常见？（多选）;3;乙状结肠造口;N;Qtype;OC Medical Easy;;points;
OC_Medical_Easy_07;临时性造口中哪些类型的造口比较常见？（多选）;4;盲肠造口;N;Qtype;OC Medical Easy;;points;
OC_Medical_Easy_08;能最准确的描述造口周围皮肤发生浸渍的是？（单选）;1;皮肤发红、破损和潮湿;Y;Qtype;OC Medical Easy;;points;
OC_Medical_Easy_08;能最准确的描述造口周围皮肤发生浸渍的是？（单选）;2;皮肤发红、破损和发干;N;Qtype;OC Medical Easy;;points;
OC_Medical_Easy_08;能最准确的描述造口周围皮肤发生浸渍的是？（单选）;3;皮肤完整但发红;N;Qtype;OC Medical Easy;;points;
OC_Medical_Easy_09;如果造口周围皮肤疼痛，有可能是下列哪种原因引起的？（单选）;1;造口底盘不正确的剪孔;Y;Qtype;OC Medical Easy;;points;
OC_Medical_Easy_09;如果造口周围皮肤疼痛，有可能是下列哪种原因引起的？（单选）;2;旁疝;N;Qtype;OC Medical Easy;;points;
OC_Medical_Easy_09;如果造口周围皮肤疼痛，有可能是下列哪种原因引起的？（单选）;3;脱垂;N;Qtype;OC Medical Easy;;points;
OC_Medical_Easy_10;下列属于造成刺激性（粪水性）皮炎的原因为？（多选）;1;回肠造口排泄物的强腐蚀性;Y;Qtype;OC Medical Easy;;points;
OC_Medical_Easy_10;下列属于造成刺激性（粪水性）皮炎的原因为？（多选）;2;造口外露粘膜的高度太高;N;Qtype;OC Medical Easy;;points;
OC_Medical_Easy_10;下列属于造成刺激性（粪水性）皮炎的原因为？（多选）;3;坐位时造口周围皮肤不平整导致排泄物渗漏;Y;Qtype;OC Medical Easy;;points;
OC_Medical_Easy_10;下列属于造成刺激性（粪水性）皮炎的原因为？（多选）;4;底盘圈剪裁形状或大小不当;Y;Qtype;OC Medical Easy;;points;
OC_Medical_Easy_11;关于造口周围皮肤并发症的描述，正确的有？（多选）;1;过敏性皮炎是发生率最高的造口周围皮肤并发症;N;Qtype;OC Medical Easy;;points;
OC_Medical_Easy_11;关于造口周围皮肤并发症的描述，正确的有？（多选）;2;可使用造口皮肤工具（OST）中对造口周围皮肤并发症进行评估和指导治疗;Y;Qtype;OC Medical Easy;;points;
OC_Medical_Easy_11;关于造口周围皮肤并发症的描述，正确的有？（多选）;3;造口患者在放疗期间可能会患放射性皮炎;Y;Qtype;OC Medical Easy;;points;
OC_Medical_Easy_11;关于造口周围皮肤并发症的描述，正确的有？（多选）;4;尿酸盐结晶是尿路造口患者特有的并发症，通常可见白色粉末结晶黏附于造口周围皮肤;Y;Qtype;OC Medical Easy;;points;
OC_Medical_Easy_12;在造口皮肤研究中(Ostomy Skin Study)，造口周围皮肤损伤在以下哪种造口类型中发生率最高？（单选）;1;回肠;Y;Qtype;OC Medical Easy;;points;
OC_Medical_Easy_12;在造口皮肤研究中(Ostomy Skin Study)，造口周围皮肤损伤在以下哪种造口类型中发生率最高？（单选）;2;结肠;N;Qtype;OC Medical Easy;;points;
OC_Medical_Easy_12;在造口皮肤研究中(Ostomy Skin Study)，造口周围皮肤损伤在以下哪种造口类型中发生率最高？（单选）;3;尿路;N;Qtype;OC Medical Easy;;points;
OC_Medical_Easy_13;造口皮肤研究(Ostomy Skin Study)，是一项研究（          ）造口患者的造口周围皮肤损伤的发生率、严重程度和多样性的文章。（单选）;1;永久性;Y;Qtype;OC Medical Easy;;points;
OC_Medical_Easy_13;造口皮肤研究(Ostomy Skin Study)，是一项研究（          ）造口患者的造口周围皮肤损伤的发生率、严重程度和多样性的文章。（单选）;2;临时性;N;Qtype;OC Medical Easy;;points;
OC_Medical_Easy_13;造口皮肤研究(Ostomy Skin Study)，是一项研究（          ）造口患者的造口周围皮肤损伤的发生率、严重程度和多样性的文章。（单选）;3;襻式;N;Qtype;OC Medical Easy;;points;
OC_Medical_Easy_14;对话研究（Dialogue Study）中，实验开始后造口人使用的造口袋为？（单选）;1;胜舒;Y;Qtype;OC Medical Easy;;points;
OC_Medical_Easy_14;对话研究（Dialogue Study）中，实验开始后造口人使用的造口袋为？（单选）;2;特舒;N;Qtype;OC Medical Easy;;points;
OC_Medical_Easy_14;对话研究（Dialogue Study）中，实验开始后造口人使用的造口袋为？（单选）;3;艺舒;N;Qtype;OC Medical Easy;;points;
OC_Medical_Easy_14;对话研究（Dialogue Study）中，实验开始后造口人使用的造口袋为？（单选）;4;康维德可塑底盘;N;Qtype;OC Medical Easy;;points;
OC_Medical_Easy_15;对话研究（Dialogue Study）中，循证护理和胜舒的双层黏胶的使用获得了哪些效果？（多选）;1;显著降低了渗漏的发生;Y;Qtype;OC Medical Easy;;points;
OC_Medical_Easy_15;对话研究（Dialogue Study）中，循证护理和胜舒的双层黏胶的使用获得了哪些效果？（多选）;2;整体改善了造口周围皮肤状况，尤其是最常见的两种皮肤问题—刺激性皮炎和机械性损伤;Y;Qtype;OC Medical Easy;;points;
OC_Medical_Easy_15;对话研究（Dialogue Study）中，循证护理和胜舒的双层黏胶的使用获得了哪些效果？（多选）;3;造口人的生活质量得到了非常明显的改善;Y;Qtype;OC Medical Easy;;points;
OC_Medical_Easy_16;关于对话研究（Dialogue Study）渗漏、造口周围皮肤和生活质量三者之间的关系描述正确的有？（多选）;1;渗漏会导致造口周围皮肤问题，渗漏降低生活质量，而皮肤问题越严重，生活质量越差;Y;Qtype;OC Medical Easy;;points;
OC_Medical_Easy_16;关于对话研究（Dialogue Study）渗漏、造口周围皮肤和生活质量三者之间的关系描述正确的有？（多选）;2;造口周围皮肤问题会使底盘黏贴不牢，从而导致渗漏，渗漏会加剧皮肤问题，形成恶性循环。从而降低生活质量;Y;Qtype;OC Medical Easy;;points;
OC_Medical_Easy_16;关于对话研究（Dialogue Study）渗漏、造口周围皮肤和生活质量三者之间的关系描述正确的有？（多选）;3;渗漏会恶化造口周围皮肤问题，但不会降低生活质量;N;Qtype;OC Medical Easy;;points;
OC_Medical_Easy_17;关于造口用品标准更换流程ARC中的佩戴环节需要注意什么？（多选）;1;底盘剪切孔大小比造口大1-2mm;Y;Qtype;OC Medical Easy;;points;
OC_Medical_Easy_17;关于造口用品标准更换流程ARC中的佩戴环节需要注意什么？（多选）;2;造口周围皮肤清洁干燥;Y;Qtype;OC Medical Easy;;points;
OC_Medical_Easy_17;关于造口用品标准更换流程ARC中的佩戴环节需要注意什么？（多选）;3;观察造口黏膜结构是否发生变化，如出现造口凹陷需改用微凸/凸面底盘;Y;Qtype;OC Medical Easy;;points;
OC_Medical_Easy_18;关于造口用品标准更换流程ARC中的揭除环节，正确的做法有？（多选）;1;揭除时避免底盘黏胶出现褶皱;N;Qtype;OC Medical Easy;;points;
OC_Medical_Easy_18;关于造口用品标准更换流程ARC中的揭除环节，正确的做法有？（多选）;2;轻柔地揭除黏胶;Y;Qtype;OC Medical Easy;;points;
OC_Medical_Easy_18;关于造口用品标准更换流程ARC中的揭除环节，正确的做法有？（多选）;3;如皮肤出现瘙痒或灼烧感，应揭除黏胶;Y;Qtype;OC Medical Easy;;points;
OC_Medical_Easy_19;关于造口用品标准更换流程ARC的检查环节，描述正确的是？（多选）;1;检查底盘背面的黏胶是否有腐蚀及是否有排泄物残留;Y;Qtype;OC Medical Easy;;points;
OC_Medical_Easy_19;关于造口用品标准更换流程ARC的检查环节，描述正确的是？（多选）;2;检查造口周围的皮肤是否发红或破损，必要时可以建议患者使用小镜子来查看;Y;Qtype;OC Medical Easy;;points;
OC_Medical_Easy_19;关于造口用品标准更换流程ARC的检查环节，描述正确的是？（多选）;3;关注皮肤改变的形状是否与黏胶的腐蚀形状相匹配，以确定渗漏的原因;Y;Qtype;OC Medical Easy;;points;
OC_Medical_Easy_19;关于造口用品标准更换流程ARC的检查环节，描述正确的是？（多选）;4;如果底盘下的皮肤颜色与对侧腹部皮肤相比要暗是正常的;N;Qtype;OC Medical Easy;;points;
OC_Medical_Easy_20;造口皮肤评估工具OST (Ostomy Skin Tool)，包含哪些部分？（多选） ;1;DET评分;Y;Qtype;OC Medical Easy;;points;
OC_Medical_Easy_20;造口皮肤评估工具OST (Ostomy Skin Tool)，包含哪些部分？（多选） ;2;AIM指南;Y;Qtype;OC Medical Easy;;points;
OC_Medical_Easy_20;造口皮肤评估工具OST (Ostomy Skin Tool)，包含哪些部分？（多选） ;3;ARC;N;Qtype;OC Medical Easy;;points;
OC_Medical_Easy_20;造口皮肤评估工具OST (Ostomy Skin Tool)，包含哪些部分？（多选） ;4;SACS评分;N;Qtype;OC Medical Easy;;points;
OC_Medical_Easy_21;造口皮肤评估工具（OST）中，DET 评分的最高分是?（单选）;1;15分;Y;Qtype;OC Medical Easy;;points;
OC_Medical_Easy_21;造口皮肤评估工具（OST）中，DET 评分的最高分是?（单选）;2;9分;N;Qtype;OC Medical Easy;;points;
OC_Medical_Easy_21;造口皮肤评估工具（OST）中，DET 评分的最高分是?（单选）;3;6分;N;Qtype;OC Medical Easy;;points;
OC_Medical_Easy_22;造口皮肤评估工具（OST）中，DET评分的二个维度是？（多选）;1;底盘下造口周围皮肤的受损面积;Y;Qtype;OC Medical Easy;;points;
OC_Medical_Easy_22;造口皮肤评估工具（OST）中，DET评分的二个维度是？（多选）;2;底盘下造口周围皮肤受损的严重程度;Y;Qtype;OC Medical Easy;;points;
OC_Medical_Easy_22;造口皮肤评估工具（OST）中，DET评分的二个维度是？（多选）;3;底盘下造口周围皮肤的渗漏程度;N;Qtype;OC Medical Easy;;points;
OC_Medical_Easy_22;造口皮肤评估工具（OST）中，DET评分的二个维度是？（多选）;4;底盘下造口周围皮肤的浸渍程度;N;Qtype;OC Medical Easy;;points;
OC_Medical_Easy_23;造口皮肤评估工具（OST）中，关于DET评分的描述，正确的是？（多选）;1;是针对造口底盘下面的皮肤和造口进行评估;N;Qtype;OC Medical Easy;;points;
OC_Medical_Easy_23;造口皮肤评估工具（OST）中，关于DET评分的描述，正确的是？（多选）;2;评估的内容包括三个症状的面积评估与严重程度评估;Y;Qtype;OC Medical Easy;;points;
OC_Medical_Easy_23;造口皮肤评估工具（OST）中，关于DET评分的描述，正确的是？（多选）;3;D表示颜色改变，E表示浸渍/溃疡，T表示组织增生;Y;Qtype;OC Medical Easy;;points;
OC_Medical_Easy_23;造口皮肤评估工具（OST）中，关于DET评分的描述，正确的是？（多选）;4;DET评分是世界唯一的造口皮肤评估工具;N;Qtype;OC Medical Easy;;points;
OC_Medical_Easy_24;下列哪项是造口皮肤评估工具（OST）里AIM指南中的分类？（多选）;1;化学性刺激;Y;Qtype;OC Medical Easy;;points;
OC_Medical_Easy_24;下列哪项是造口皮肤评估工具（OST）里AIM指南中的分类？（多选）;2;机械性损伤;Y;Qtype;OC Medical Easy;;points;
OC_Medical_Easy_24;下列哪项是造口皮肤评估工具（OST）里AIM指南中的分类？（多选）;3;放射性损伤;N;Qtype;OC Medical Easy;;points;
OC_Medical_Easy_24;下列哪项是造口皮肤评估工具（OST）里AIM指南中的分类？（多选）;4;与疾病有关;Y;Qtype;OC Medical Easy;;points;
OC_Medical_Easy_24;下列哪项是造口皮肤评估工具（OST）里AIM指南中的分类？（多选）;5;与感染有关;Y;Qtype;OC Medical Easy;;points;
OC_Medical_Easy_25;BodyCheck是一款什么样的工具？（多选）;1;中国首款造口用品选择工具;Y;Qtype;OC Medical Easy;;points;
OC_Medical_Easy_25;BodyCheck是一款什么样的工具？（多选）;2;一款图文并茂的造口人自我评估在线测试工具;Y;Qtype;OC Medical Easy;;points;
OC_Medical_Easy_25;BodyCheck是一款什么样的工具？（多选）;3;自我核查造口周围皮肤损伤情况的工具;N;Qtype;OC Medical Easy;;points;
OC_Medical_Easy_25;BodyCheck是一款什么样的工具？（多选）;4;用于造口人和非专业ET准确便捷选择造口用品;Y;Qtype;OC Medical Easy;;points;
OC_Medical_Easy_26;BodyCheck工具中关于描述底盘下造口周围身体形态，正确的说法有？（多选）;1;观察底盘下造口周围身体形态时，应当从造口人的侧面进行观察;Y;Qtype;OC Medical Easy;;points;
OC_Medical_Easy_26;BodyCheck工具中关于描述底盘下造口周围身体形态，正确的说法有？（多选）;2;观察底盘下造口周围身体形态时，应观察造口人的坐位、站位和卧位多种体位时的形态;Y;Qtype;OC Medical Easy;;points;
OC_Medical_Easy_26;BodyCheck工具中关于描述底盘下造口周围身体形态，正确的说法有？（多选）;3;底盘下造口周围身体形态有三种，分别是平坦、内陷和隆起;Y;Qtype;OC Medical Easy;;points;
OC_Medical_Easy_26;BodyCheck工具中关于描述底盘下造口周围身体形态，正确的说法有？（多选）;4;描述时，应选择造口人底盘下造口周围身体形态变化最大时的体位。;Y;Qtype;OC Medical Easy;;points;
OC_Medical_Easy_27;BodyCheck工具中关于造口周围皮肤褶皱表浅或下垂的描述正确的有？（多选）;1;皮肤褶皱会影响底盘与皮肤的黏贴牢固程度;Y;Qtype;OC Medical Easy;;points;
OC_Medical_Easy_27;BodyCheck工具中关于造口周围皮肤褶皱表浅或下垂的描述正确的有？（多选）;2;褶皱的深浅将决定造口人所需的造口底盘和附件的类型;Y;Qtype;OC Medical Easy;;points;
OC_Medical_Easy_27;BodyCheck工具中关于造口周围皮肤褶皱表浅或下垂的描述正确的有？（多选）;3;如果没有任何皮肤褶皱，应选择浅褶皱;Y;Qtype;OC Medical Easy;;points;
OC_Medical_Easy_28;影响造口产品佩戴的因素有哪些？（多选）;1;造口类型如结肠、回肠和尿路造口，及排泄物的性状;Y;Qtype;OC Medical Easy;;points;
OC_Medical_Easy_28;影响造口产品佩戴的因素有哪些？（多选）;2;造口黏膜结构的改变，如造口平齐，凹陷等;Y;Qtype;OC Medical Easy;;points;
OC_Medical_Easy_28;影响造口产品佩戴的因素有哪些？（多选）;3;造口人的年龄及皮肤状况，如皮肤不平;Y;Qtype;OC Medical Easy;;points;
OC_Medical_Easy_28;影响造口产品佩戴的因素有哪些？（多选）;4;气候，湿度，生活习惯，运动等因素;Y;Qtype;OC Medical Easy;;points;
OC_Medical_Easy_29;在下述何种情况下会考虑闭口袋的使用？（多选）;1;粪便成型或半成型;Y;Qtype;OC Medical Easy;;points;
OC_Medical_Easy_29;在下述何种情况下会考虑闭口袋的使用？（多选）;2;病人是乙状结肠造口;Y;Qtype;OC Medical Easy;;points;
OC_Medical_Easy_29;在下述何种情况下会考虑闭口袋的使用？（多选）;3;造口人排便规律;Y;Qtype;OC Medical Easy;;points;
OC_Medical_Easy_29;在下述何种情况下会考虑闭口袋的使用？（多选）;4;病人习惯使用闭口袋;Y;Qtype;OC Medical Easy;;points;
OC_Medical_Easy_30;影响造口人正常使用造口用品的关键机体能力有哪些？（单选）;1;肌肉功能;N;Qtype;OC Medical Easy;;points;
OC_Medical_Easy_30;影响造口人正常使用造口用品的关键机体能力有哪些？（单选）;2;精细运动技能;N;Qtype;OC Medical Easy;;points;
OC_Medical_Easy_30;影响造口人正常使用造口用品的关键机体能力有哪些？（单选）;3;视力;N;Qtype;OC Medical Easy;;points;
OC_Medical_Easy_30;影响造口人正常使用造口用品的关键机体能力有哪些？（单选）;4;以上都是;Y;Qtype;OC Medical Easy;;points;
OC_Medical_Easy_31;造口术后住院期间通常会包括哪些护理措施？（多选）    ;1;观察评估造口：包括颜色、形状、高度、大小、活力、造口周围皮肤情况等;Y;Qtype;OC Medical Easy;;points;
OC_Medical_Easy_31;造口术后住院期间通常会包括哪些护理措施？（多选）    ;2;观察评估造口功能：包括排气排便时间，排泄物颜色、性状和量等;Y;Qtype;OC Medical Easy;;points;
OC_Medical_Easy_31;造口术后住院期间通常会包括哪些护理措施？（多选）    ;3;检查更换造口袋;Y;Qtype;OC Medical Easy;;points;
OC_Medical_Easy_31;造口术后住院期间通常会包括哪些护理措施？（多选）    ;4;造口定位;N;Qtype;OC Medical Easy;;points;
OC_Medical_Easy_32;在更换造口袋前，应选择_______清洗造口周围的皮肤。（单选）;1;酒精;N;Qtype;OC Medical Easy;;points;
OC_Medical_Easy_32;在更换造口袋前，应选择_______清洗造口周围的皮肤。（单选）;2;碘伏;N;Qtype;OC Medical Easy;;points;
OC_Medical_Easy_32;在更换造口袋前，应选择_______清洗造口周围的皮肤。（单选）;3;清水或生理盐水;Y;Qtype;OC Medical Easy;;points;
OC_Medical_Easy_33;对于造口底盘的剪裁，下列说法不恰当的是：（单选）;1;在剪裁前使用造口测量尺准确测量造口大小;Y;Qtype;OC Medical Easy;;points;
OC_Medical_Easy_33;对于造口底盘的剪裁，下列说法不恰当的是：（单选）;2;根据实际测量的造口大小，预先剪裁好所有底盘备用;Y;Qtype;OC Medical Easy;;points;
OC_Medical_Easy_33;对于造口底盘的剪裁，下列说法不恰当的是：（单选）;3;底盘中心孔的剪裁尺寸应大于造口1-2mm;Y;Qtype;OC Medical Easy;;points;
OC_Medical_Easy_33;对于造口底盘的剪裁，下列说法不恰当的是：（单选）;4;造口大小可能随时间变化，需要经常评估和调整底盘剪裁;Y;Qtype;OC Medical Easy;;points;
OC_Medical_Easy_34;以下哪些因素会影响凸面底盘对造口周围皮肤的压力？（多选）;1;凸面底盘的深度;Y;Qtype;OC Medical Easy;;points;
OC_Medical_Easy_34;以下哪些因素会影响凸面底盘对造口周围皮肤的压力？（多选）;2;凸面底盘的中心孔径大小;Y;Qtype;OC Medical Easy;;points;
OC_Medical_Easy_34;以下哪些因素会影响凸面底盘对造口周围皮肤的压力？（多选）;3;腹部的柔软度;Y;Qtype;OC Medical Easy;;points;
OC_Medical_Easy_34;以下哪些因素会影响凸面底盘对造口周围皮肤的压力？（多选）;4;腰带的使用;Y;Qtype;OC Medical Easy;;points;
OC_Medical_Easy_35;当造口高度不够、造口周围腹壁或皮肤情况不理想而存在潜在渗漏风险，用平面达不到理想或预期的佩戴时间时，需要使用凸面用品。（判断题）;1;正确;Y;Qtype;OC Medical Easy;;points;
OC_Medical_Easy_35;当造口高度不够、造口周围腹壁或皮肤情况不理想而存在潜在渗漏风险，用平面达不到理想或预期的佩戴时间时，需要使用凸面用品。（判断题）;2;错误;N;Qtype;OC Medical Easy;;points;
OC_Medical_Easy_36;凸面底盘的作用方式包括：（多选）;1;突出造口;Y;Qtype;OC Medical Easy;;points;
OC_Medical_Easy_36;凸面底盘的作用方式包括：（多选）;2;填平凹陷;Y;Qtype;OC Medical Easy;;points;
OC_Medical_Easy_36;凸面底盘的作用方式包括：（多选）;3;撑开褶皱;Y;Qtype;OC Medical Easy;;points;
OC_Medical_Easy_36;凸面底盘的作用方式包括：（多选）;4;可佩戴腰带;Y;Qtype;OC Medical Easy;;points;
OC_Medical_Easy_37;在评估是否使用凸面底盘时，要始终考虑患者的排泄物性状、皮肤状况和一般健康状况等因素。（判断题） ;1;正确;Y;Qtype;OC Medical Easy;;points;
OC_Medical_Easy_37;在评估是否使用凸面底盘时，要始终考虑患者的排泄物性状、皮肤状况和一般健康状况等因素。（判断题） ;2;错误;N;Qtype;OC Medical Easy;;points;
OC_Medical_Easy_38;以下哪些造口情况，适宜使用凸面？（多选）;1;排泄口低于皮肤;Y;Qtype;OC Medical Easy;;points;
OC_Medical_Easy_38;以下哪些造口情况，适宜使用凸面？（多选）;2;排泄口与皮肤平齐或歪向皮肤;Y;Qtype;OC Medical Easy;;points;
OC_Medical_Easy_38;以下哪些造口情况，适宜使用凸面？（多选）;3;排泄口伸缩蠕动活跃，造口形状变化多端，黏膜回缩至皮肤平面或平面以下;Y;Qtype;OC Medical Easy;;points;
OC_Medical_Easy_39;以下哪些造口周围腹壁情况，适宜使用凸面？（多选）;1;周围腹壁平坦;N;Qtype;OC Medical Easy;;points;
OC_Medical_Easy_39;以下哪些造口周围腹壁情况，适宜使用凸面？（多选）;2;周围腹壁内陷;Y;Qtype;OC Medical Easy;;points;
OC_Medical_Easy_39;以下哪些造口周围腹壁情况，适宜使用凸面？（多选）;3;周围腹壁松弛;Y;Qtype;OC Medical Easy;;points;
OC_Medical_Easy_40;造口高度是指排泄口最低黏膜高度，会随时间发生变化。只要造口高度仍高于皮肤，就不需要使用凸面产品。（判断题） ;1;正确;N;Qtype;OC Medical Easy;;points;
OC_Medical_Easy_40;造口高度是指排泄口最低黏膜高度，会随时间发生变化。只要造口高度仍高于皮肤，就不需要使用凸面产品。（判断题） ;2;错误;Y;Qtype;OC Medical Easy;;points;
OC_Medical_Easy_41;胜舒凸面产品有哪些特点？（多选）;1;支撑性强;Y;Qtype;OC Medical Easy;;points;
OC_Medical_Easy_41;胜舒凸面产品有哪些特点？（多选）;2;身体顺应性好;Y;Qtype;OC Medical Easy;;points;
OC_Medical_Easy_41;胜舒凸面产品有哪些特点？（多选）;3;意外更换更少;Y;Qtype;OC Medical Easy;;points;
OC_Medical_Easy_42;合适的凸面底盘可以预防渗漏、改善造口周围皮肤健康、延长到理想的佩戴时间。（判断题）;1;正确;Y;Qtype;OC Medical Easy;;points;
OC_Medical_Easy_42;合适的凸面底盘可以预防渗漏、改善造口周围皮肤健康、延长到理想的佩戴时间。（判断题）;2;错误;N;Qtype;OC Medical Easy;;points;
OC_Medical_Easy_43;凸面用品需要提供足够的压力来抬高造口黏膜，同时需要具备足够的顺应性来适应身体形态的变化。（判断题）;1;正确;Y;Qtype;OC Medical Easy;;points;
OC_Medical_Easy_43;凸面用品需要提供足够的压力来抬高造口黏膜，同时需要具备足够的顺应性来适应身体形态的变化。（判断题）;2;错误;N;Qtype;OC Medical Easy;;points;
OC_Medical_Easy_44;在选择凸面用品时，应根据排泄口最低黏膜的高度，选择凸面的深度。（判断题）;1;正确;Y;Qtype;OC Medical Easy;;points;
OC_Medical_Easy_44;在选择凸面用品时，应根据排泄口最低黏膜的高度，选择凸面的深度。（判断题）;2;错误;N;Qtype;OC Medical Easy;;points;
OC_Medical_Easy_45;当需要柔软灵活的凸面用品时，可联合使用有防漏作用的附件（如可塑贴环等）。（判断题）;1;正确;Y;Qtype;OC Medical Easy;;points;
OC_Medical_Easy_45;当需要柔软灵活的凸面用品时，可联合使用有防漏作用的附件（如可塑贴环等）。（判断题）;2;错误;N;Qtype;OC Medical Easy;;points;
OC_Medical_Easy_46;对压力敏感性黏胶演示工具描述正确的是;1;压力敏感性黏胶演示工具能直接当造口底盘使用;N;Qtype;OC Medical Easy;;points;
OC_Medical_Easy_46;对压力敏感性黏胶演示工具描述正确的是;2;先在肚皮上贴上压力敏感性黏胶演示工具，再在工具上面贴上造口底盘使用;N;Qtype;OC Medical Easy;;points;
OC_Medical_Easy_46;对压力敏感性黏胶演示工具描述正确的是;3;按压底盘的力度与手中使用按摩膏的力度大致相同;Y;Qtype;OC Medical Easy;;points;
OC_Medical_Easy_47;BodyCheck在线评估工具是中国首款在线造口用品选择工具，只需简单8步即可获得量身定制的造口用品方案，目前已获得16个国家全球20万用户的一致推荐。;1;正确;Y;Qtype;OC Medical Easy;;points;
OC_Medical_Easy_47;BodyCheck在线评估工具是中国首款在线造口用品选择工具，只需简单8步即可获得量身定制的造口用品方案，目前已获得16个国家全球20万用户的一致推荐。;2;错误;N;Qtype;OC Medical Easy;;points;
OC_Medical_Easy_48;BodyCheck在线评估工具中关于描述底盘下造口周围身体形态有三种，分别是平坦、内陷和隆起。每一种形态对应的造口底盘形状可能不同。;1;正确;Y;Qtype;OC Medical Easy;;points;
OC_Medical_Easy_48;BodyCheck在线评估工具中关于描述底盘下造口周围身体形态有三种，分别是平坦、内陷和隆起。每一种形态对应的造口底盘形状可能不同。;2;错误;N;Qtype;OC Medical Easy;;points;
OC_Medical_Easy_49;BodyCheck在线评估工具中，对于结肠造口规律的成型稠便，推荐闭口袋，排泄即换，方便卫生。;1;正确;Y;Qtype;OC Medical Easy;;points;
OC_Medical_Easy_49;BodyCheck在线评估工具中，对于结肠造口规律的成型稠便，推荐闭口袋，排泄即换，方便卫生。;2;错误;N;Qtype;OC Medical Easy;;points;
OC_Medical_Easy_50;BodyCheck在线评估工具中，对于位于弯腰线以上近肋骨处的造口，推荐使用顺应性更好的椭圆形胜舒底盘，同时使用弹力胶贴增加黏贴面积以减少底盘卷边翘边。;1;正确;Y;Qtype;OC Medical Easy;;points;
OC_Medical_Easy_50;BodyCheck在线评估工具中，对于位于弯腰线以上近肋骨处的造口，推荐使用顺应性更好的椭圆形胜舒底盘，同时使用弹力胶贴增加黏贴面积以减少底盘卷边翘边。;2;错误;N;Qtype;OC Medical Easy;;points;
OC_Medical_Easy_51;BodyCheck在线评估工具中，对于造口周围皮肤褶皱这个选项，如果没有褶皱也选择浅褶皱;1;正确;Y;Qtype;OC Medical Easy;;points;
OC_Medical_Easy_51;BodyCheck在线评估工具中，对于造口周围皮肤褶皱这个选项，如果没有褶皱也选择浅褶皱;2;错误;N;Qtype;OC Medical Easy;;points;
OC_Medical_Easy_52;RIO身体评估工具包的理念是基于造口周围身体形态选择造口用品，帮助最大限度减少渗漏问题。其内容涵盖：线下简版纸质工具包和线上全面评估系统。;1;正确;Y;Qtype;OC Medical Easy;;points;
OC_Medical_Easy_52;RIO身体评估工具包的理念是基于造口周围身体形态选择造口用品，帮助最大限度减少渗漏问题。其内容涵盖：线下简版纸质工具包和线上全面评估系统。;2;错误;N;Qtype;OC Medical Easy;;points;
OC_Medical_Easy_53;在利用RIO纸版身体评估指导页评估时，评估的项目包括造口周围皮肤是否有问题，发红或是溃疡。;1;正确;N;Qtype;OC Medical Easy;;points;
OC_Medical_Easy_53;在利用RIO纸版身体评估指导页评估时，评估的项目包括造口周围皮肤是否有问题，发红或是溃疡。;2;错误;Y;Qtype;OC Medical Easy;;points;
OC_Medical_Hard_01;消化系统的主要器官按食物下行的顺序（从进食到排出粪便）排列正确的是？（单选）;1;口腔、食管、胃、空肠、回肠、升结肠、横结肠、降结肠、乙状结肠、直肠;Y;Qtype;OC Medical Hard;;points;
OC_Medical_Hard_01;消化系统的主要器官按食物下行的顺序（从进食到排出粪便）排列正确的是？（单选）;2;口腔、食管、胃、回肠、空肠、升结肠、横结肠、降结肠、乙状结肠、直肠;N;Qtype;OC Medical Hard;;points;
OC_Medical_Hard_01;消化系统的主要器官按食物下行的顺序（从进食到排出粪便）排列正确的是？（单选）;3;口腔、食管、胃、回肠、空肠、降结肠、横结肠、升结肠、乙状结肠、直肠;N;Qtype;OC Medical Hard;;points;
OC_Medical_Hard_01;消化系统的主要器官按食物下行的顺序（从进食到排出粪便）排列正确的是？（单选）;4;口腔、食管、胃、空肠、回肠、降结肠、横结肠、升结肠、乙状结肠、直肠;N;Qtype;OC Medical Hard;;points;
OC_Medical_Hard_02;造口的原因有哪些?（多选）;1;结直肠癌;Y;Qtype;OC Medical Hard ;;points;
OC_Medical_Hard_02;造口的原因有哪些?（多选）;2;炎性肠病 (IBD);Y;Qtype;OC Medical Hard ;;points;
OC_Medical_Hard_02;造口的原因有哪些?（多选）;3;创伤;Y;Qtype;OC Medical Hard ;;points;
OC_Medical_Hard_02;造口的原因有哪些?（多选）;4;放射治疗损伤;Y;Qtype;OC Medical Hard ;;points;
OC_Medical_Hard_03;直肠癌患者的保肛手术中做临时性造口的原因是？（单选）;1;减少吻合口瘘带来的高风险;Y;Qtype;OC Medical Hard ;;points;
OC_Medical_Hard_03;直肠癌患者的保肛手术中做临时性造口的原因是？（单选）;2;降低吻合口瘘的发生率;N;Qtype;OC Medical Hard ;;points;
OC_Medical_Hard_03;直肠癌患者的保肛手术中做临时性造口的原因是？（单选）;3;提高造口回纳的几率;N;Qtype;OC Medical Hard ;;points;
OC_Medical_Hard_04;下列哪种造口可能是临时性的? （多选）;1;回肠襻式造口;Y;Qtype;OC Medical Hard ;;points;
OC_Medical_Hard_04;下列哪种造口可能是临时性的? （多选）;2;乙状结肠造口;Y;Qtype;OC Medical Hard ;;points;
OC_Medical_Hard_04;下列哪种造口可能是临时性的? （多选）;3;横结肠襻式造口;Y;Qtype;OC Medical Hard ;;points;
OC_Medical_Hard_04;下列哪种造口可能是临时性的? （多选）;4;尿路造口;N;Qtype;OC Medical Hard ;;points;
OC_Medical_Hard_05;下列哪些行尿路造口术的病人常常用到造口袋？（多选）;1;回肠膀胱术（Bricker术）;Y;Qtype;OC Medical Hard ;;points;
OC_Medical_Hard_05;下列哪些行尿路造口术的病人常常用到造口袋？（多选）;2;皮肤输尿管造口术;Y;Qtype;OC Medical Hard ;;points;
OC_Medical_Hard_05;下列哪些行尿路造口术的病人常常用到造口袋？（多选）;3;肾造口术;N;Qtype;OC Medical Hard ;;points;
OC_Medical_Hard_05;下列哪些行尿路造口术的病人常常用到造口袋？（多选）;4;膀胱造口术;N;Qtype;OC Medical Hard ;;points;
OC_Medical_Hard_06;如果结肠造口人抱怨他们的造口袋因有很多气而鼓袋子了，这可能是由下列哪些原因引起的？（多选）;1;打鼾;Y;Qtype;OC Medical Hard ;;points;
OC_Medical_Hard_06;如果结肠造口人抱怨他们的造口袋因有很多气而鼓袋子了，这可能是由下列哪些原因引起的？（多选）;2;由于感冒而鼻子堵塞;Y;Qtype;OC Medical Hard ;;points;
OC_Medical_Hard_06;如果结肠造口人抱怨他们的造口袋因有很多气而鼓袋子了，这可能是由下列哪些原因引起的？（多选）;3;坐飞机;Y;Qtype;OC Medical Hard ;;points;
OC_Medical_Hard_06;如果结肠造口人抱怨他们的造口袋因有很多气而鼓袋子了，这可能是由下列哪些原因引起的？（多选）;4;坐浴;N;Qtype;OC Medical Hard ;;points;
OC_Medical_Hard_07;下列关于对话研究（Dialogue Study）的论述中正确的有？（多选）;1;是真实世界中针对造口周围皮肤并发症进行的最大规模的研究;Y;Qtype;OC Medical Hard ;;points;
OC_Medical_Hard_07;下列关于对话研究（Dialogue Study）的论述中正确的有？（多选）;2;经ET诊断后，约60%的造口人存在皮肤问题，但只有约30%的人意识到自己有皮肤问题。;Y;Qtype;OC Medical Hard ;;points;
OC_Medical_Hard_07;下列关于对话研究（Dialogue Study）的论述中正确的有？（多选）;3;对话研究中使用了由造口护士和康乐保共同开发的造口评估工具（OST）;Y;Qtype;OC Medical Hard ;;points;
OC_Medical_Hard_07;下列关于对话研究（Dialogue Study）的论述中正确的有？（多选）;4;该研究中设计了20道题目的造口生活质量量表（Stoma-QOL）;Y;Qtype;OC Medical Hard ;;points;
OC_Medical_Hard_08;下列关于造口脱垂的造口用品推荐，描述正确的有？（多选）;1;可选择柔软的一件式造口袋;Y;Qtype;OC Medical Hard ;;points;
OC_Medical_Hard_08;下列关于造口脱垂的造口用品推荐，描述正确的有？（多选）;2;可选择黏贴式扣合的两件式造口袋;Y;Qtype;OC Medical Hard ;;points;
OC_Medical_Hard_08;下列关于造口脱垂的造口用品推荐，描述正确的有？（多选）;3;可选择机械式扣合的胜舒造口袋;N;Qtype;OC Medical Hard ;;points;
OC_Medical_Hard_08;下列关于造口脱垂的造口用品推荐，描述正确的有？（多选）;4;应测量直径最大的脱垂肠管并剪孔，以免套底盘时损伤脱垂肠管，同时应使用可塑贴环保护裸漏的造口周围皮肤;Y;Qtype;OC Medical Hard ;;points;
OC_Medical_Hard_09;下列关于造口旁疝描述正确的有？（多选）;1;贴在旁疝上的造口底盘，容易卷边和翘边，应使用弹力胶贴增加黏贴面积;Y;Qtype;OC Medical Hard ;;points;
OC_Medical_Hard_09;下列关于造口旁疝描述正确的有？（多选）;2;应避免导致腹压增加的各种因素，如咳嗽、便秘、排便困难等;Y;Qtype;OC Medical Hard ;;points;
OC_Medical_Hard_09;下列关于造口旁疝描述正确的有？（多选）;3;为防止活动或各种引发腹内压突然增高的诱因，可使用造口专用腹带;Y;Qtype;OC Medical Hard ;;points;
OC_Medical_Hard_09;下列关于造口旁疝描述正确的有？（多选）;4;经腹直肌造口可减少造口旁疝的发生;Y;Qtype;OC Medical Hard ;;points;
OC_Medical_Hard_10;下列关于放射性皮炎的预防，描述正确的有？（多选）;1;放疗期间，造口人可能会因射线照射引起造口周围皮肤的损伤，应避免用刺激性的有机溶剂;Y;Qtype;OC Medical Hard ;;points;
OC_Medical_Hard_10;下列关于放射性皮炎的预防，描述正确的有？（多选）;2;放疗期间，可选用柔软亲肤的胜舒造口底盘保护造口周围皮肤;Y;Qtype;OC Medical Hard ;;points;
OC_Medical_Hard_10;下列关于放射性皮炎的预防，描述正确的有？（多选）;3;放疗期间，揭除底盘时强烈推荐使用黏胶祛除剂，避免用力撕除造口底盘，造成二次皮肤损伤;Y;Qtype;OC Medical Hard ;;points;
OC_Medical_Hard_10;下列关于放射性皮炎的预防，描述正确的有？（多选）;4;为防止放疗后脆弱的造口周围皮肤损伤，应尽量减少不必要的频繁更换造口底盘次数;Y;Qtype;OC Medical Hard ;;points;
OC_Medical_Hard_11;根据造口袋和附件的卫生经济学研究，下列描述正确的有？（多选）;1;使用更亲肤友好的胜舒造口袋，造口人不仅单次的花费更多，带造口生活的时期总体的花费也要多;N;Qtype;OC Medical Hard ;;points;
OC_Medical_Hard_11;根据造口袋和附件的卫生经济学研究，下列描述正确的有？（多选）;2;使用更亲肤友好的胜舒造口袋，造口人单次的花费更高，但长期能通过减少造口周围皮肤并发症的发病率，并降低并发症的严重程度，从而减少造口人的总体花费;Y;Qtype;OC Medical Hard ;;points;
OC_Medical_Hard_11;根据造口袋和附件的卫生经济学研究，下列描述正确的有？（多选）;3;单次使用附件产品要比不用附件的花费多;Y;Qtype;OC Medical Hard ;;points;
OC_Medical_Hard_11;根据造口袋和附件的卫生经济学研究，下列描述正确的有？（多选）;4;在整个造口周围皮肤并发症的治疗周期中，使用附件的总体花费会超过没有使用附件的总体花费;Y;Qtype;OC Medical Hard ;;points;
OC_Medical_Hard_12;下列说法正确的有？（多选）   ;1;如果一个造口人做的是Hartmann手术，那么这位造口人最有可能做的是结肠造口;Y;Qtype;OC Medical Hard ;;points;
OC_Medical_Hard_12;下列说法正确的有？（多选）   ;2;在降结肠和直肠之间的肠段是乙状结肠;Y;Qtype;OC Medical Hard ;;points;
OC_Medical_Hard_12;下列说法正确的有？（多选）   ;3;大肠中暂时储存粪便的肠段是直肠;Y;Qtype;OC Medical Hard ;;points;
OC_Medical_Hard_12;下列说法正确的有？（多选）   ;4;回肠膀胱术所做的造口是尿路造口;Y;Qtype;OC Medical Hard ;;points;
OC_Medical_Hard_13;下列关于皮肤的描述正确的有？（多选）;1;皮肤是人体的最大器官;Y;Qtype;OC Medical Hard ;;points;
OC_Medical_Hard_13;下列关于皮肤的描述正确的有？（多选）;2;皮肤有表皮、真皮和皮下组织三层;Y;Qtype;OC Medical Hard ;;points;
OC_Medical_Hard_13;下列关于皮肤的描述正确的有？（多选）;3;年轻人皮肤细胞的更新速度相较老年人更快;Y;Qtype;OC Medical Hard ;;points;
OC_Medical_Hard_13;下列关于皮肤的描述正确的有？（多选）;4;皮肤出油出汗以帮助皮肤维持弹性和保持健康，正常皮肤的PH为5.5;Y;Qtype;OC Medical Hard ;;points;
OC_Medical_Hard_14;下列哪些属于BodyCheck工具中的问题？（多选）;1;造口周围皮肤是否有较浅或较深的褶皱？;Y;Qtype;OC Medical Hard ;;points;
OC_Medical_Hard_14;下列哪些属于BodyCheck工具中的问题？（多选）;2;造口位于弯腰线的什么位置？;Y;Qtype;OC Medical Hard ;;points;
OC_Medical_Hard_14;下列哪些属于BodyCheck工具中的问题？（多选）;3;造口相对于腹部皮肤表面的高度是？;Y;Qtype;OC Medical Hard ;;points;
OC_Medical_Hard_14;下列哪些属于BodyCheck工具中的问题？（多选）;4;造口周围皮肤是否有问题，发红或是溃疡？;N;Qtype;OC Medical Hard ;;points;
OC_Medical_Hard_15;BodyCheck工具中关于造口相对于弯腰线的位置，描述正确的有？（多选）;1;造口位置将决定造口人选择何种柔韧度的造口袋;Y;Qtype;OC Medical Hard ;;points;
OC_Medical_Hard_15;BodyCheck工具中关于造口相对于弯腰线的位置，描述正确的有？（多选）;2;造口最常见的位置是在弯腰线形成的褶皱以下;Y;Qtype;OC Medical Hard ;;points;
OC_Medical_Hard_15;BodyCheck工具中关于造口相对于弯腰线的位置，描述正确的有？（多选）;3;造口位于弯腰线处，需要非常柔软的造口底盘如胜舒才能更好的贴合造口周围皮肤。;Y;Qtype;OC Medical Hard ;;points;
OC_Medical_Hard_15;BodyCheck工具中关于造口相对于弯腰线的位置，描述正确的有？（多选）;4;位于弯腰线以上近肋骨处的造口，需要使用顺应性更好的椭圆形底盘，最好加上弹力胶贴增加黏贴面积。;Y;Qtype;OC Medical Hard ;;points;
OC_Medical_Hard_16;根据临时性回肠襻式造口的特点，下列哪些造口用品的推荐是正确的？（多选） ;1;由于回肠排泄物较稀，需选用吸收性强的标准型胜舒底盘;N;Qtype;OC Medical Hard ;;points;
OC_Medical_Hard_16;根据临时性回肠襻式造口的特点，下列哪些造口用品的推荐是正确的？（多选） ;2;由于回肠襻式造口的形状不规则，推荐使用可塑贴环来降低剪孔难度;Y;Qtype;OC Medical Hard ;;points;
OC_Medical_Hard_16;根据临时性回肠襻式造口的特点，下列哪些造口用品的推荐是正确的？（多选） ;3;由于回肠造口人的营养吸收不如正常人，体型可能会较原来消瘦，因此建议定期使用造口用品选择工具BodyCheck，及时调换成合适的造口用品。;Y;Qtype;OC Medical Hard ;;points;
OC_Medical_Hard_16;根据临时性回肠襻式造口的特点，下列哪些造口用品的推荐是正确的？（多选） ;4;离骨突较近的回肠造口，推荐使用弹力胶贴增加黏贴面积，更好的固定底盘;Y;Qtype;OC Medical Hard ;;points;
OC_Medical_Hard_17;根据临时性横结肠造口的特点，下列哪些造口用品的推荐是正确的？（多选）;1;对于蘑菇形的横结肠造口，可以掰断可塑贴环围绕造口根部黏贴，测量蘑菇头大小剪孔并佩戴底盘，可以有效降低剪孔难度并预防渗漏。;Y;Qtype;OC Medical Hard ;;points;
OC_Medical_Hard_17;根据临时性横结肠造口的特点，下列哪些造口用品的推荐是正确的？（多选）;2;对于手术初期水肿的横结肠造口，建议选择70mm胜舒底盘;Y;Qtype;OC Medical Hard ;;points;
OC_Medical_Hard_17;根据临时性横结肠造口的特点，下列哪些造口用品的推荐是正确的？（多选）;3;临近肝曲的横结肠造口，由于张力大容易发生造口平齐或回缩，一旦出现平齐或回缩，需使用胜舒微凸底盘加腰带。;Y;Qtype;OC Medical Hard ;;points;
OC_Medical_Hard_18;下列关于造口人的说法正确的有？（多选） ;1;造口脱垂的原因是造口人腹壁肌肉比较薄弱;Y;Qtype;OC Medical Hard ;;points;
OC_Medical_Hard_18;下列关于造口人的说法正确的有？（多选） ;2;造口人在清洗造口时少量出血，应建议他立即去造口门诊;N;Qtype;OC Medical Hard ;;points;
OC_Medical_Hard_18;下列关于造口人的说法正确的有？（多选） ;3;回肠造口人可以使用造口灌洗系统进行灌洗;N;Qtype;OC Medical Hard ;;points;
OC_Medical_Hard_18;下列关于造口人的说法正确的有？（多选） ;4;回肠造口人不会发生便秘;Y;Qtype;OC Medical Hard ;;points;
OC_Medical_Hard_19;在做造口定位时，造口治疗师通常会考虑以下哪些内容？（多选）;1;造口的类型-如结肠、回肠或尿路造口;Y;Qtype;OC Medical Hard ;;points;
OC_Medical_Hard_19;在做造口定位时，造口治疗师通常会考虑以下哪些内容？（多选）;2;视力、听力、手的功能等机体状况;Y;Qtype;OC Medical Hard ;;points;
OC_Medical_Hard_19;在做造口定位时，造口治疗师通常会考虑以下哪些内容？（多选）;3;病人身高;N;Qtype;OC Medical Hard ;;points;
OC_Medical_Hard_19;在做造口定位时，造口治疗师通常会考虑以下哪些内容？（多选）;4;肚脐、髂前上棘等位置;Y;Qtype;OC Medical Hard ;;points;
OC_Medical_Hard_20;当造口周围出现皮肤增生（除外肿瘤）、因皮肤不平造成的刺激性皮炎或造口皮肤黏膜完全分离（造口高度<1cm）时，适宜使用凸面底盘。（判断题）;1;正确;Y;Qtype;OC Medical Hard ;;points;
OC_Medical_Hard_20;当造口周围出现皮肤增生（除外肿瘤）、因皮肤不平造成的刺激性皮炎或造口皮肤黏膜完全分离（造口高度<1cm）时，适宜使用凸面底盘。（判断题）;2;错误;N;Qtype;OC Medical Hard ;;points;
OC_Medical_Hard_21;凸面可适用于以下哪些情况？（多选）;1;肠瘘;Y;Qtype;OC Medical Hard ;;points;
OC_Medical_Hard_21;凸面可适用于以下哪些情况？（多选）;2;造口旁瘘;Y;Qtype;OC Medical Hard ;;points;
OC_Medical_Hard_21;凸面可适用于以下哪些情况？（多选）;3;术后早期渗漏严重;Y;Qtype;OC Medical Hard ;;points;
OC_Medical_Hard_21;凸面可适用于以下哪些情况？（多选）;4;高排泄量的造口;Y;Qtype;OC Medical Hard ;;points;
OC_Medical_Hard_21;凸面可适用于以下哪些情况？（多选）;5;尿路造口，尤其是输尿管皮肤造口;Y;Qtype;OC Medical Hard ;;points;
OC_Medical_Hard_22;当出现以下哪些情况时，需要谨慎使用凸面底盘？（多选）;1;底盘下存在压力性损伤;Y;Qtype;OC Medical Hard ;;points;
OC_Medical_Hard_22;当出现以下哪些情况时，需要谨慎使用凸面底盘？（多选）;2;造口旁坏疽性脓皮病;Y;Qtype;OC Medical Hard ;;points;
OC_Medical_Hard_22;当出现以下哪些情况时，需要谨慎使用凸面底盘？（多选）;3;造口周围刺激性皮炎;N;Qtype;OC Medical Hard ;;points;
OC_Medical_Hard_22;当出现以下哪些情况时，需要谨慎使用凸面底盘？（多选）;4;造口旁疝;Y;Qtype;OC Medical Hard ;;points;
OC_Medical_Hard_23;当出现以下哪些情况时，应禁止使用凸面底盘（多选）;1;造口周围静脉曲张;Y;Qtype;OC Medical Hard ;;points;
OC_Medical_Hard_23;当出现以下哪些情况时，应禁止使用凸面底盘（多选）;2;造口旁瘘;N;Qtype;OC Medical Hard ;;points;
OC_Medical_Hard_23;当出现以下哪些情况时，应禁止使用凸面底盘（多选）;3;肠瘘;N;Qtype;OC Medical Hard ;;points;
OC_Medical_Hard_23;当出现以下哪些情况时，应禁止使用凸面底盘（多选）;4;不可还纳的造口脱垂;Y;Qtype;OC Medical Hard ;;points;
OC_Medical_Hard_24;关于造口周围潮湿相关性皮炎的定义，下列说法正确的是：（多选）;1;邻近造口的皮肤因暴露在排泄物中，例如尿液或稀便，引起的皮肤侵蚀或炎症反应。;Y;Qtype;OC Medical Hard ;;points;
OC_Medical_Hard_24;关于造口周围潮湿相关性皮炎的定义，下列说法正确的是：（多选）;2;已有权威指南将刺激性皮炎命名为造口周围潮湿相关性皮炎;Y;Qtype;OC Medical Hard ;;points;
OC_Medical_Hard_24;关于造口周围潮湿相关性皮炎的定义，下列说法正确的是：（多选）;3;已有权威指南将过敏性皮炎命名为造口周围潮湿相关性皮炎;N;Qtype;OC Medical Hard ;;points;
OC_Medical_Hard_25;关于造口周围潮湿相关性皮炎的影响因素，下列说法正确的是：（多选）;1;常见的两个影响因素：排泄物性质和暴露时间;Y;Qtype;OC Medical Hard ;;points;
OC_Medical_Hard_25;关于造口周围潮湿相关性皮炎的影响因素，下列说法正确的是：（多选）;2;底盘与造口周围皮肤的密封性不好;Y;Qtype;OC Medical Hard ;;points;
OC_Medical_Hard_25;关于造口周围潮湿相关性皮炎的影响因素，下列说法正确的是：（多选）;3;底盘佩戴时间超过5-7天;Y;Qtype;OC Medical Hard ;;points;
OC_Medical_Hard_25;关于造口周围潮湿相关性皮炎的影响因素，下列说法正确的是：（多选）;4;汗液、BMI、疾病、老龄/低龄;Y;Qtype;OC Medical Hard ;;points;
OC_Medical_Hard_26;结构化皮肤护理方案的三要素是：（多选）;1;清洗;Y;Qtype;OC Medical Hard ;;points;
OC_Medical_Hard_26;结构化皮肤护理方案的三要素是：（多选）;2;涂抹;N;Qtype;OC Medical Hard ;;points;
OC_Medical_Hard_26;结构化皮肤护理方案的三要素是：（多选）;3;增强;Y;Qtype;OC Medical Hard ;;points;
OC_Medical_Hard_26;结构化皮肤护理方案的三要素是：（多选）;4;保护;Y;Qtype;OC Medical Hard ;;points;
OC_Medical_Hard_27;在对造口周围皮肤进行结构化皮肤护理时，使用造口护肤粉（吸湿，保持皮肤干爽）的目的是_____。（单选）;1;去除多余的水分及刺激物;N;Qtype;OC Medical Hard ;;points;
OC_Medical_Hard_27;在对造口周围皮肤进行结构化皮肤护理时，使用造口护肤粉（吸湿，保持皮肤干爽）的目的是_____。（单选）;2;增强皮肤天然保湿屏障，使其功能最大化;Y;Qtype;OC Medical Hard ;;points;
OC_Medical_Hard_27;在对造口周围皮肤进行结构化皮肤护理时，使用造口护肤粉（吸湿，保持皮肤干爽）的目的是_____。（单选）;3;做好防护，避免皮肤再次暴露于刺激物中;N;Qtype;OC Medical Hard ;;points;
OC_Medical_Hard_28;在对造口周围皮肤进行结构化皮肤护理时，使用皮肤保护膜（成膜，隔离排泄物）的目的是_____。（单选）;1;去除多余的水分及刺激物;N;Qtype;OC Medical Hard ;;points;
OC_Medical_Hard_28;在对造口周围皮肤进行结构化皮肤护理时，使用皮肤保护膜（成膜，隔离排泄物）的目的是_____。（单选）;2;增强皮肤天然保湿屏障，使其功能最大化;Y;Qtype;OC Medical Hard ;;points;
OC_Medical_Hard_28;在对造口周围皮肤进行结构化皮肤护理时，使用皮肤保护膜（成膜，隔离排泄物）的目的是_____。（单选）;3;做好防护，避免皮肤再次暴露于刺激物中;N;Qtype;OC Medical Hard ;;points;
OC_Medical_Hard_29;在对造口周围皮肤进行结构化皮肤护理时，使用可塑贴环（密封，紧密贴合造口）的目的是_____。（单选）;1;去除多余的水分及刺激物;N;Qtype;OC Medical Hard ;;points;
OC_Medical_Hard_29;在对造口周围皮肤进行结构化皮肤护理时，使用可塑贴环（密封，紧密贴合造口）的目的是_____。（单选）;2;增强皮肤天然保湿屏障，使其功能最大化;N;Qtype;OC Medical Hard ;;points;
OC_Medical_Hard_29;在对造口周围皮肤进行结构化皮肤护理时，使用可塑贴环（密封，紧密贴合造口）的目的是_____。（单选）;3;做好防护，避免皮肤再次暴露于刺激物中;Y;Qtype;OC Medical Hard ;;points;
OC_Medical_Hard_30;RIO身体评估指导页的正确用法是：依次回答指导页中的问题并记录造口周围身体形态，结合底盘转轮或BodyCheck在线评估工具，选择适合的造口用品并记录在指导页中，放入病案方便下次回顾。;1;正确;Y;Qtype;OC Medical Hard ;;points;
OC_Medical_Hard_30;RIO身体评估指导页的正确用法是：依次回答指导页中的问题并记录造口周围身体形态，结合底盘转轮或BodyCheck在线评估工具，选择适合的造口用品并记录在指导页中，放入病案方便下次回顾。;2;错误;N;Qtype;OC Medical Hard ;;points;
OC_Medical_Hard_31;使用RIO底盘转轮仅需简单两步：1评估造口周围身体形态，2评估该形态下的造口高度，旋转转盘箭头对应该高度即可查看造口用品方案。;1;正确;Y;Qtype;OC Medical Hard ;;points;
OC_Medical_Hard_31;使用RIO底盘转轮仅需简单两步：1评估造口周围身体形态，2评估该形态下的造口高度，旋转转盘箭头对应该高度即可查看造口用品方案。;2;错误;N;Qtype;OC Medical Hard ;;points;
OC_Medical_Hard_32;佩戴底盘时，使底盘黏贴牢固的最快方法是全面充分按压整个底盘。捂热底盘可以帮助加快黏贴过程，但捂热不能替代按压。;1;正确;Y;Qtype;OC Medical Hard ;;points;
OC_Medical_Hard_32;佩戴底盘时，使底盘黏贴牢固的最快方法是全面充分按压整个底盘。捂热底盘可以帮助加快黏贴过程，但捂热不能替代按压。;2;错误;N;Qtype;OC Medical Hard ;;points;
OC_Medical_Hard_33; RIO身体评估工具包纸版的三大核心工具有（多选）：ABC;1;身体评估指导页;Y;Qtype;OC Medical Hard ;;points;
OC_Medical_Hard_33; RIO身体评估工具包纸版的三大核心工具有（多选）：ABC;2;底盘转轮工具;Y;Qtype;OC Medical Hard ;;points;
OC_Medical_Hard_33; RIO身体评估工具包纸版的三大核心工具有（多选）：ABC;3;附件转轮工具;Y;Qtype;OC Medical Hard ;;points;
OC_Medical_Hard_33; RIO身体评估工具包纸版的三大核心工具有（多选）：ABC;4;ARC工具;N;Qtype;OC Medical Hard ;;points;
OC_Medical_Hard_34;世界造口日是：（单选);1;10月份第一个星期六;Y;Qtype;OC Medical Hard ;;points;
OC_Medical_Hard_34;世界造口日是：（单选);2;每年11月的第三个星期四;N;Qtype;OC Medical Hard ;;points;
OC_Medical_Hard_34;世界造口日是：（单选);3;10月份的第二个星期四;N;Qtype;OC Medical Hard ;;points;
OC_Medical_Hard_34;世界造口日是：（单选);4;每年的2月4日;N;Qtype;OC Medical Hard ;;points;
OC_Medical_Hard_35;在TNM分期中，T3说明;1;肿瘤侵犯粘膜下层;N;Qtype;OC Medical Hard ;;points;
OC_Medical_Hard_35;在TNM分期中，T3说明;2;肿瘤侵犯固有肌层但没有穿透;N;Qtype;OC Medical Hard ;;points;
OC_Medical_Hard_35;在TNM分期中，T3说明;3; 肿瘤仅仅侵犯浆膜层;N;Qtype;OC Medical Hard ;;points;
OC_Medical_Hard_35;在TNM分期中，T3说明;4;肿瘤穿透固有肌层到浆膜下层;Y;Qtype;OC Medical Hard ;;points;
OC_Medical_Hard_36;好的凸面产品需要有哪些特点;1; 支撑性强;Y;Qtype;OC Medical Hard ;;points;
OC_Medical_Hard_36;好的凸面产品需要有哪些特点;2;身体顺应性好;Y;Qtype;OC Medical Hard ;;points;
OC_Medical_Hard_36;好的凸面产品需要有哪些特点;3;意外更换更少;Y;Qtype;OC Medical Hard ;;points;
SenSura_Easy_01;胜舒®的最主要优势是                         ？（单选）;1;方便和安全    ;N;Qtype;SenSura Easy;;points;
SenSura_Easy_01;胜舒®的最主要优势是                         ？（单选）;2;吸收汗液   ;N;Qtype;SenSura Easy;;points;
SenSura_Easy_01;胜舒®的最主要优势是                         ？（单选）;3;减少渗漏和保护造口周围皮肤;Y;Qtype;SenSura Easy;;points;
SenSura_Easy_01;胜舒®的最主要优势是                         ？（单选）;4;祛除异味;N;Qtype;SenSura Easy;;points;
SenSura_Easy_02;黏胶的五个特性分别是什么？（单选）;1;易佩戴/吸收性/柔软性/黏性/柔韧性;N;Qtype;SenSura Easy;;points;
SenSura_Easy_02;黏胶的五个特性分别是什么？（单选）;2;抗腐蚀性/易剪孔/易揭除/吸收性/柔软性;N;Qtype;SenSura Easy;;points;
SenSura_Easy_02;黏胶的五个特性分别是什么？（单选）;3;黏性/吸收性/柔韧性/抗腐蚀性/易揭除;Y;Qtype;SenSura Easy;;points;
SenSura_Easy_02;黏胶的五个特性分别是什么？（单选）;4;黏性/吸收性/低敏性/抗腐蚀性/易揭除;N;Qtype;SenSura Easy;;points;
SenSura_Easy_03;对胜舒产品，康乐保联合世界范围内的超过500位造口护士和超过3000位造口人做的调研为？（单选）;1;对话研究;Y;Qtype;SenSura Easy;;points;
SenSura_Easy_03;对胜舒产品，康乐保联合世界范围内的超过500位造口护士和超过3000位造口人做的调研为？（单选）;2;生活质量研究;N;Qtype;SenSura Easy;;points;
SenSura_Easy_03;对胜舒产品，康乐保联合世界范围内的超过500位造口护士和超过3000位造口人做的调研为？（单选）;3;造口皮肤研究;N;Qtype;SenSura Easy;;points;
SenSura_Easy_04;与普通碳片相比，胜舒一体化高效过滤器可以降低多少涨袋风险？ （单选）  ;1;19%;N;Qtype;SenSura Easy;;points;
SenSura_Easy_04;与普通碳片相比，胜舒一体化高效过滤器可以降低多少涨袋风险？ （单选）  ;2;29%;Y;Qtype;SenSura Easy;;points;
SenSura_Easy_04;与普通碳片相比，胜舒一体化高效过滤器可以降低多少涨袋风险？ （单选）  ;3;30%;N;Qtype;SenSura Easy;;points;
SenSura_Easy_04;与普通碳片相比，胜舒一体化高效过滤器可以降低多少涨袋风险？ （单选）  ;4;39%;N;Qtype;SenSura Easy;;points;
SenSura_Easy_05;胜舒尿路造口袋的主要优点是: (多选) ;1;分流腔设计–可以保持袋子平薄隐蔽，并降低尿液流动的声音。;Y;Qtype;SenSura Easy;;points;
SenSura_Easy_05;胜舒尿路造口袋的主要优点是: (多选) ;2;排放口–排放口柔软，可折叠收起;Y;Qtype;SenSura Easy;;points;
SenSura_Easy_05;胜舒尿路造口袋的主要优点是: (多选) ;3;无纺布衬里–柔软防水，让造口人感受舒适;Y;Qtype;SenSura Easy;;points;
SenSura_Easy_05;胜舒尿路造口袋的主要优点是: (多选) ;4;高效过滤器 – 祛除异味，防止胀袋;N;Qtype;SenSura Easy;;points;
SenSura_Easy_06;双层黏胶中聚异丁烯成分的主要功能是？ （单选）;1;吸湿，保持皮肤干燥;N;Qtype;SenSura Easy;;points;
SenSura_Easy_06;双层黏胶中聚异丁烯成分的主要功能是？ （单选）;2;具有拉伸性，促使水胶体吸收更多水分;N;Qtype;SenSura Easy;;points;
SenSura_Easy_06;双层黏胶中聚异丁烯成分的主要功能是？ （单选）;3;增加韧性和灵活性;N;Qtype;SenSura Easy;;points;
SenSura_Easy_06;双层黏胶中聚异丁烯成分的主要功能是？ （单选）;4;使黏胶具有流动性，增强底盘黏性;Y;Qtype;SenSura Easy;;points;
SenSura_Easy_07;造口产品必须具备的两大功能是？ （单选）;1;操作简单，方便患者自我护理；确保产品黏贴牢固，不会掉落;N;Qtype;SenSura Easy;;points;
SenSura_Easy_07;造口产品必须具备的两大功能是？ （单选）;2;操作简单，方便患者自我护理；保护造口周围皮肤;N;Qtype;SenSura Easy;;points;
SenSura_Easy_07;造口产品必须具备的两大功能是？ （单选）;3;确保产品安全佩戴，防止排泄物渗漏；保护造口周围皮肤;Y;Qtype;SenSura Easy;;points;
SenSura_Easy_07;造口产品必须具备的两大功能是？ （单选）;4;确保产品安全佩戴，防止排泄物渗漏；操作简单，方便患者自我护理;N;Qtype;SenSura Easy;;points;
SenSura_Easy_08;胜舒黏胶保护层是        色，亲肤层是        色。（单选）;1;浅 深;Y;Qtype;SenSura Easy;;points;
SenSura_Easy_08;胜舒黏胶保护层是        色，亲肤层是        色。（单选）;2;浅 浅 ;N;Qtype;SenSura Easy;;points;
SenSura_Easy_08;胜舒黏胶保护层是        色，亲肤层是        色。（单选）;3;深 浅 ;N;Qtype;SenSura Easy;;points;
SenSura_Easy_08;胜舒黏胶保护层是        色，亲肤层是        色。（单选）;4;深 深;N;Qtype;SenSura Easy;;points;
SenSura_Easy_09;胜舒®的主要推广点是                         。（单选）;1;方便和安全    ;N;Qtype;SenSura Easy;;points;
SenSura_Easy_09;胜舒®的主要推广点是                         。（单选）;2;吸收汗液 ;N;Qtype;SenSura Easy;;points;
SenSura_Easy_09;胜舒®的主要推广点是                         。（单选）;3;防止渗漏和保护造口周围皮肤;Y;Qtype;SenSura Easy;;points;
SenSura_Easy_09;胜舒®的主要推广点是                         。（单选）;4;祛除异味;N;Qtype;SenSura Easy;;points;
SenSura_Easy_10;哪项研究的结论是胜舒的使用与护士的造口护理指导共同帮助患者提高了生活质量?（单选）;1;对话研究;Y;Qtype;SenSura Easy;;points;
SenSura_Easy_10;哪项研究的结论是胜舒的使用与护士的造口护理指导共同帮助患者提高了生活质量?（单选）;2;生活质量研究;N;Qtype;SenSura Easy;;points;
SenSura_Easy_10;哪项研究的结论是胜舒的使用与护士的造口护理指导共同帮助患者提高了生活质量?（单选）;3;造口皮肤研究;N;Qtype;SenSura Easy;;points;
SenSura_Easy_11;胜舒尿路造口袋的分流腔设计的主要优点是: (单选) ;1;牢固可靠–分流腔型设计可以降低尿液从造口袋渗漏的风险。;N;Qtype;SenSura Easy;;points;
SenSura_Easy_11;胜舒尿路造口袋的分流腔设计的主要优点是: (单选) ;2;隐秘性–分流腔型设计可以将尿液在袋内平均分配，使得造口袋保持扁平和隐秘，并能减小液体晃动的声音。;Y;Qtype;SenSura Easy;;points;
SenSura_Easy_11;胜舒尿路造口袋的分流腔设计的主要优点是: (单选) ;3;方便–分流腔型设计可以增加造口袋的容量，减少排空的频率。;N;Qtype;SenSura Easy;;points;
SenSura_Easy_12;胜舒®底盘的独特之处是具有                的构造结构。（单选）;1;护肤佳黏胶;N;Qtype;SenSura Easy;;points;
SenSura_Easy_12;胜舒®底盘的独特之处是具有                的构造结构。（单选）;2;螺旋型黏胶   ;N;Qtype;SenSura Easy;;points;
SenSura_Easy_12;胜舒®底盘的独特之处是具有                的构造结构。（单选）;3; 双层黏胶;Y;Qtype;SenSura Easy;;points;
SenSura_Easy_12;胜舒®底盘的独特之处是具有                的构造结构。（单选）;4;氧化锌黏胶;N;Qtype;SenSura Easy;;points;
SenSura_Easy_13;胜舒®底盘是               形？（单选）;1;正方;N;Qtype;SenSura Easy;;points;
SenSura_Easy_13;胜舒®底盘是               形？（单选）;2;长方;N;Qtype;SenSura Easy;;points;
SenSura_Easy_13;胜舒®底盘是               形？（单选）;3;正圆;N;Qtype;SenSura Easy;;points;
SenSura_Easy_13;胜舒®底盘是               形？（单选）;4;椭圆;Y;Qtype;SenSura Easy;;points;
SenSura_Easy_14;胜舒隐蔽式排放口的密封方式是什么？（单选）;1;魔术贴;Y;Qtype;SenSura Easy;;points;
SenSura_Easy_14;胜舒隐蔽式排放口的密封方式是什么？（单选）;2;封口夹/封口条;N;Qtype;SenSura Easy;;points;
SenSura_Easy_14;胜舒隐蔽式排放口的密封方式是什么？（单选）;3;塑料固定件;N;Qtype;SenSura Easy;;points;
SenSura_Easy_15;当只有很短的时间将胜舒产品的优点介绍给一个新客户时，应介绍胜舒的核心竞争特点是什么？（单选）;1;观察窗;N;Qtype;SenSura Easy;;points;
SenSura_Easy_15;当只有很短的时间将胜舒产品的优点介绍给一个新客户时，应介绍胜舒的核心竞争特点是什么？（单选）;2;双层黏胶;Y;Qtype;SenSura Easy;;points;
SenSura_Easy_15;当只有很短的时间将胜舒产品的优点介绍给一个新客户时，应介绍胜舒的核心竞争特点是什么？（单选）;3;高效的过滤器;N;Qtype;SenSura Easy;;points;
SenSura_Easy_15;当只有很短的时间将胜舒产品的优点介绍给一个新客户时，应介绍胜舒的核心竞争特点是什么？（单选）;4;隐蔽式排放口;N;Qtype;SenSura Easy;;points;
SenSura_Easy_16;过滤器起什么作用？ （单选）;1;消除胀袋和异味 ;Y;Qtype;SenSura Easy;;points;
SenSura_Easy_16;过滤器起什么作用？ （单选）;2;消除袋子的声音 ;N;Qtype;SenSura Easy;;points;
SenSura_Easy_16;过滤器起什么作用？ （单选）;3;减少袋子的更换频率 ;N;Qtype;SenSura Easy;;points;
SenSura_Easy_17;胜舒过滤器由______层组成？（单选）;1;2;N;Qtype;SenSura Easy;;points;
SenSura_Easy_17;胜舒过滤器由______层组成？（单选）;2;3;Y;Qtype;SenSura Easy;;points;
SenSura_Easy_17;胜舒过滤器由______层组成？（单选）;3;4;N;Qtype;SenSura Easy;;points;
SenSura_Easy_17;胜舒过滤器由______层组成？（单选）;4;5;N;Qtype;SenSura Easy;;points;
SenSura_Easy_18;判断：胜舒超大容量肠造口袋的排放口是独特的隐藏式排放口。（单选）;1;正确;N;Qtype;SenSura Easy;;points;
SenSura_Easy_18;判断：胜舒超大容量肠造口袋的排放口是独特的隐藏式排放口。（单选）;2;错误;Y;Qtype;SenSura Easy;;points;
SenSura_Easy_19;判断：胜舒尿路造口袋有一件式也有两件式。（单选）;1;正确;Y;Qtype;SenSura Easy;;points;
SenSura_Easy_19;判断：胜舒尿路造口袋有一件式也有两件式。（单选）;2;错误;N;Qtype;SenSura Easy;;points;
SenSura_Easy_20;胜舒黏胶的亲肤层主要成分是：（单选）;1;聚异丁烯;N;Qtype;SenSura Easy;;points;
SenSura_Easy_20;胜舒黏胶的亲肤层主要成分是：（单选）;2;水胶体;Y;Qtype;SenSura Easy;;points;
SenSura_Easy_20;胜舒黏胶的亲肤层主要成分是：（单选）;3;滑石粉;N;Qtype;SenSura Easy;;points;
SenSura_Easy_20;胜舒黏胶的亲肤层主要成分是：（单选）;4;橡胶;N;Qtype;SenSura Easy;;points;
SenSura_Easy_21;判断：胜舒一件式造口袋没有微凸型。（单选）;1;正确;N;Qtype;SenSura Easy;;points;
SenSura_Easy_21;判断：胜舒一件式造口袋没有微凸型。（单选）;2;错误;Y;Qtype;SenSura Easy;;points;
SenSura_Easy_22;判断：胜舒增强型底盘的吸收性比普通型好。（单选）;1;正确;N;Qtype;SenSura Easy;;points;
SenSura_Easy_22;判断：胜舒增强型底盘的吸收性比普通型好。（单选）;2;错误;Y;Qtype;SenSura Easy;;points;
SenSura_Easy_23;判断：胜舒造口袋的隐蔽式排放口采用铸模工艺，一擦清洁，无需清洗内侧。（单选）;1;正确;Y;Qtype;SenSura Easy;;points;
SenSura_Easy_23;判断：胜舒造口袋的隐蔽式排放口采用铸模工艺，一擦清洁，无需清洗内侧。（单选）;2;错误;N;Qtype;SenSura Easy;;points;
SenSura_Easy_24;胜舒黏胶中添加了_______，使得黏胶具有流动性，帮助底盘更好地黏贴。（单选）;1;丙酮酸;N;Qtype;SenSura Easy;;points;
SenSura_Easy_24;胜舒黏胶中添加了_______，使得黏胶具有流动性，帮助底盘更好地黏贴。（单选）;2;聚异丁烯;Y;Qtype;SenSura Easy;;points;
SenSura_Easy_24;胜舒黏胶中添加了_______，使得黏胶具有流动性，帮助底盘更好地黏贴。（单选）;3;聚乙二醇;N;Qtype;SenSura Easy;;points;
SenSura_Easy_24;胜舒黏胶中添加了_______，使得黏胶具有流动性，帮助底盘更好地黏贴。（单选）;4;聚戊丁烯;N;Qtype;SenSura Easy;;points;
SenSura_Easy_25;判断：胜舒尿路造口袋的排放口可以折叠后收起。（单选）;1;正确;Y;Qtype;SenSura Easy;;points;
SenSura_Easy_25;判断：胜舒尿路造口袋的排放口可以折叠后收起。（单选）;2;错误;N;Qtype;SenSura Easy;;points;
SenSura_Easy_26;胜舒底盘上有灰色的剪切线，帮助患者剪裁。（单选）;1;正确;N;Qtype;SenSura Easy;;points;
SenSura_Easy_26;胜舒底盘上有灰色的剪切线，帮助患者剪裁。（单选）;2;错误;Y;Qtype;SenSura Easy;;points;
SenSura_Easy_27;以下哪一项不是胜舒®尿路造口袋的人性化设计？（单选）;1;分流腔设计;N;Qtype;SenSura Easy;;points;
SenSura_Easy_27;以下哪一项不是胜舒®尿路造口袋的人性化设计？（单选）;2;柔软的排放口;N;Qtype;SenSura Easy;;points;
SenSura_Easy_27;以下哪一项不是胜舒®尿路造口袋的人性化设计？（单选）;3;抗返流阀;N;Qtype;SenSura Easy;;points;
SenSura_Easy_27;以下哪一项不是胜舒®尿路造口袋的人性化设计？（单选）;4;A.  一体化过滤器;Y;Qtype;SenSura Easy;;points;
SenSura_Easy_28;胜舒®尿路造口袋的储液腔有_____个分流腔？(单选);1;2;N;Qtype;SenSura Easy;;points;
SenSura_Easy_28;胜舒®尿路造口袋的储液腔有_____个分流腔？(单选);2;3;N;Qtype;SenSura Easy;;points;
SenSura_Easy_28;胜舒®尿路造口袋的储液腔有_____个分流腔？(单选);3;4;N;Qtype;SenSura Easy;;points;
SenSura_Easy_28;胜舒®尿路造口袋的储液腔有_____个分流腔？(单选);4;5;Y;Qtype;SenSura Easy;;points;
SenSura_Easy_29;判断：胜舒闭口袋适合造口人走亲访友或者出行时使用。（单选）;1;正确;Y;Qtype;SenSura Easy;;points;
SenSura_Easy_29;判断：胜舒闭口袋适合造口人走亲访友或者出行时使用。（单选）;2;错误;N;Qtype;SenSura Easy;;points;
SenSura_Easy_30;判断：胜舒底盘的黏性好是指底盘快速黏贴性和黏着力。（单选）;1;正确;Y;Qtype;SenSura Easy;;points;
SenSura_Easy_30;判断：胜舒底盘的黏性好是指底盘快速黏贴性和黏着力。（单选）;2;错误;N;Qtype;SenSura Easy;;points;
SenSura_Easy_31;判断：胜舒底盘优于竞争对手的可塑耐用底盘是因为胜舒黏贴时间更长。（单选）;1;正确;N;Qtype;SenSura Easy;;points;
SenSura_Easy_31;判断：胜舒底盘优于竞争对手的可塑耐用底盘是因为胜舒黏贴时间更长。（单选）;2;错误;Y;Qtype;SenSura Easy;;points;
SenSura_Hard_01;胜舒一件式造口袋的底盘类型？（多选）;1;增强型平面底盘;N;Qtype;SenSura Hard;;points;
SenSura_Hard_01;胜舒一件式造口袋的底盘类型？（多选）;2;普通型平面底盘;Y;Qtype;SenSura Hard;;points;
SenSura_Hard_01;胜舒一件式造口袋的底盘类型？（多选）;3;增强型微凸底盘;N;Qtype;SenSura Hard;;points;
SenSura_Hard_01;胜舒一件式造口袋的底盘类型？（多选）;4;普通型微凸底盘;Y;Qtype;SenSura Hard;;points;
SenSura_Hard_02;以下关于胜舒黏胶的叙述正确的是？（单选）;1;是康乐保第四代黏胶;N;Qtype;SenSura Hard;;points;
SenSura_Hard_02;以下关于胜舒黏胶的叙述正确的是？（单选）;2;内层是保护层，外层是亲肤层;N;Qtype;SenSura Hard;;points;
SenSura_Hard_02;以下关于胜舒黏胶的叙述正确的是？（单选）;3;"保护层的作用是抗腐蚀，阻隔排泄物;亲肤层的作用是吸收水分，保持造口周围皮肤干燥";Qtype;SenSura Hard;;points;
SenSura_Hard_02;以下关于胜舒黏胶的叙述正确的是？（单选）;4;Y;保护层是深色的，亲肤层是浅色的;Qtype;SenSura Hard;;points;
SenSura_Hard_02;以下关于胜舒黏胶的叙述正确的是？（单选）;5;N;###EMPTY ANSWER###;Qtype;SenSura Hard;;points;
SenSura_Hard_03;以下关于胜舒增强型黏胶描述正确的是（多选）  ;1;胜舒一件式和两件式都有增强型;N;Qtype;SenSura Hard;;points;
SenSura_Hard_03;以下关于胜舒增强型黏胶描述正确的是（多选）  ;2;胜舒两件式微凸底盘是增强型;Y;Qtype;SenSura Hard;;points;
SenSura_Hard_03;以下关于胜舒增强型黏胶描述正确的是（多选）  ;3;胜舒两件式平面增强型底盘有70mm规格;Y;Qtype;SenSura Hard;;points;
SenSura_Hard_03;以下关于胜舒增强型黏胶描述正确的是（多选）  ;4;增强型黏胶增加的是黏性和抗腐蚀性;Y;Qtype;SenSura Hard;;points;
SenSura_Hard_04;胜舒增强型平面底盘和增强型微凸底盘的规格分别是  （单选）;1;40/50/60mm 和 40/50/60mm;N;Qtype;SenSura Hard;;points;
SenSura_Hard_04;胜舒增强型平面底盘和增强型微凸底盘的规格分别是  （单选）;2;40/50/60/70mm 和 40/50/60/70mm;N;Qtype;SenSura Hard;;points;
SenSura_Hard_04;胜舒增强型平面底盘和增强型微凸底盘的规格分别是  （单选）;3;40/50/60mm 和 40/50/60/70mm;N;Qtype;SenSura Hard;;points;
SenSura_Hard_04;胜舒增强型平面底盘和增强型微凸底盘的规格分别是  （单选）;4;40/50/60/70mm 和 40/50/60mm;Y;Qtype;SenSura Hard;;points;
SenSura_Hard_05;使用加强型黏胶的主要目的是什么？（单选）;1;比标准型黏胶具有更好的吸收性能;N;Qtype;SenSura Hard;;points;
SenSura_Hard_05;使用加强型黏胶的主要目的是什么？（单选）;2;为生活方式积极乐观的造口人设计的;N;Qtype;SenSura Hard;;points;
SenSura_Hard_05;使用加强型黏胶的主要目的是什么？（单选）;3;比标准型黏胶更厚;N;Qtype;SenSura Hard;;points;
SenSura_Hard_05;使用加强型黏胶的主要目的是什么？（单选）;4;具有更强的抗腐蚀性;Y;Qtype;SenSura Hard;;points;
SenSura_Hard_06;胜舒过滤器的组成部件分别为：（单选）;1;预过滤网膜/碳片/保护膜;Y;Qtype;SenSura Hard;;points;
SenSura_Hard_06;胜舒过滤器的组成部件分别为：（单选）;2;预过滤网膜/碳片;N;Qtype;SenSura Hard;;points;
SenSura_Hard_06;胜舒过滤器的组成部件分别为：（单选）;3;碳片/保护膜/滤片;N;Qtype;SenSura Hard;;points;
SenSura_Hard_07;胜舒产品中专为术后排泄物量大患者设计的造口袋系列是：（单选）;1;Magnum;Y;Qtype;SenSura Hard;;points;
SenSura_Hard_07;胜舒产品中专为术后排泄物量大患者设计的造口袋系列是：（单选）;2;Drainage;N;Qtype;SenSura Hard;;points;
SenSura_Hard_07;胜舒产品中专为术后排泄物量大患者设计的造口袋系列是：（单选）;3;PO-Op;N;Qtype;SenSura Hard;;points;
SenSura_Hard_08;一般来说，胜舒超大容量造口袋适合什么类型的造口人？（多选）;1;回肠造口;Y;Qtype;SenSura Hard;;points;
SenSura_Hard_08;一般来说，胜舒超大容量造口袋适合什么类型的造口人？（多选）;2;临时性造口;Y;Qtype;SenSura Hard;;points;
SenSura_Hard_08;一般来说，胜舒超大容量造口袋适合什么类型的造口人？（多选）;3;结肠造口;N;Qtype;SenSura Hard;;points;
SenSura_Hard_08;一般来说，胜舒超大容量造口袋适合什么类型的造口人？（多选）;4;尿路造口;N;Qtype;SenSura Hard;;points;
SenSura_Hard_09;判断：胜舒开口袋的排放口内径比特舒排放口小。（单选）;1;正确;N;Qtype;SenSura Hard;;points;
SenSura_Hard_09;判断：胜舒开口袋的排放口内径比特舒排放口小。（单选）;2;错误;Y;Qtype;SenSura Hard;;points;
SenSura_Hard_10;判断：所有胜舒系列造口袋都有高效过滤器。（单选）;1;正确;N;Qtype;SenSura Hard;;points;
SenSura_Hard_10;判断：所有胜舒系列造口袋都有高效过滤器。（单选）;2;错误;Y;Qtype;SenSura Hard;;points;
SenSura_Hard_11;胜舒底盘上有几个受力点？（单选）;1;3个;N;Qtype;SenSura Hard;;points;
SenSura_Hard_11;胜舒底盘上有几个受力点？（单选）;2;4个;N;Qtype;SenSura Hard;;points;
SenSura_Hard_11;胜舒底盘上有几个受力点？（单选）;3;5个;Y;Qtype;SenSura Hard;;points;
SenSura_Hard_11;胜舒底盘上有几个受力点？（单选）;4;6个;N;Qtype;SenSura Hard;;points;
SenSura_Hard_12;胜舒1819推广策略包括：（多选）;1;新病人首选，临时造口必选;Y;Qtype;SenSura Hard;;points;
SenSura_Hard_12;胜舒1819推广策略包括：（多选）;2;永久造口患者保有;Y;Qtype;SenSura Hard;;points;
SenSura_Hard_12;胜舒1819推广策略包括：（多选）;3;建立正确更换习惯，提升ARPU;Y;Qtype;SenSura Hard;;points;
SenSura_Hard_12;胜舒1819推广策略包括：（多选）;4;凸面底盘每月2个适合患者，一日一换每天与客户宣教;Y;Qtype;SenSura Hard;;points;
SenSura_Hard_13;以下哪种做法有助于胜舒®黏胶和人体的贴合，增强黏性？（单选）;1;使用之前，将底盘在热水中浸泡3分钟;N;Qtype;SenSura Hard;;points;
SenSura_Hard_13;以下哪种做法有助于胜舒®黏胶和人体的贴合，增强黏性？（单选）;2;使用之前，将底盘在煤气炉上烘烤3-5分钟;N;Qtype;SenSura Hard;;points;
SenSura_Hard_13;以下哪种做法有助于胜舒®黏胶和人体的贴合，增强黏性？（单选）;3;使用之前，将底盘放在腋下加温几分钟;Y;Qtype;SenSura Hard;;points;
SenSura_Hard_13;以下哪种做法有助于胜舒®黏胶和人体的贴合，增强黏性？（单选）;4;将底盘放在冰箱里保存;N;Qtype;SenSura Hard;;points;
SenSura_Hard_14;胜舒造口袋和特舒造口袋相比有以下不同：（多选）;1;一体式过滤器;Y;Qtype;SenSura Hard;;points;
SenSura_Hard_14;胜舒造口袋和特舒造口袋相比有以下不同：（多选）;2;隐藏式排放口;Y;Qtype;SenSura Hard;;points;
SenSura_Hard_14;胜舒造口袋和特舒造口袋相比有以下不同：（多选）;3;卡扣式扣合系统;N;Qtype;SenSura Hard;;points;
SenSura_Hard_14;胜舒造口袋和特舒造口袋相比有以下不同：（多选）;4;多腔式尿路造口袋;Y;Qtype;SenSura Hard;;points;
SenSura_Hard_15;判断：胜舒的一件式肠造口袋，即使不透明，也能观察造口。;1;正确;Y;Qtype;SenSura Hard;;points;
SenSura_Hard_15;判断：胜舒的一件式肠造口袋，即使不透明，也能观察造口。;2;错误;N;Qtype;SenSura Hard;;points;
SenSura_Hard_16;中国上市的胜舒超大容量造口袋有几个规格：（单选）;1;3;N;Qtype;SenSura Hard;;points;
SenSura_Hard_16;中国上市的胜舒超大容量造口袋有几个规格：（单选）;2;4;N;Qtype;SenSura Hard;;points;
SenSura_Hard_16;中国上市的胜舒超大容量造口袋有几个规格：（单选）;3;5;N;Qtype;SenSura Hard;;points;
SenSura_Hard_16;中国上市的胜舒超大容量造口袋有几个规格：（单选）;4;6;Y;Qtype;SenSura Hard;;points;
Alterna_Easy_01; 使用特舒加强型底盘黏胶的主要目的是什么？（单选）;1;比标准型黏胶具有更好的吸收性能;N;Qtype;Alterna  Easy;;points;
Alterna_Easy_01; 使用特舒加强型底盘黏胶的主要目的是什么？（单选）;2;为生活方式积极乐观的造口人设计的;N;Qtype;Alterna  Easy;;points;
Alterna_Easy_01; 使用特舒加强型底盘黏胶的主要目的是什么？（单选）;3;比标准型黏胶更厚;N;Qtype;Alterna  Easy;;points;
Alterna_Easy_01; 使用特舒加强型底盘黏胶的主要目的是什么？（单选）;4;具有更强的抗腐蚀性;Y;Qtype;Alterna  Easy;;points;
Alterna_Easy_02;特舒产品底盘边缘的凹凸设计提供了哪种性能？（单选）;1;吸收性;N;Qtype;Alterna  Easy;;points;
Alterna_Easy_02;特舒产品底盘边缘的凹凸设计提供了哪种性能？（单选）;2;抗腐蚀性;N;Qtype;Alterna  Easy;;points;
Alterna_Easy_02;特舒产品底盘边缘的凹凸设计提供了哪种性能？（单选）;3;柔韧性;Y;Qtype;Alterna  Easy;;points;
Alterna_Easy_02;特舒产品底盘边缘的凹凸设计提供了哪种性能？（单选）;4;易揭除性;N;Qtype;Alterna  Easy;;points;
Alterna_Easy_03;以下哪些型号的特舒底盘为加强型粘胶底盘？（多选）;1;2833;Y;Qtype;Alterna  Easy;;points;
Alterna_Easy_03;以下哪些型号的特舒底盘为加强型粘胶底盘？（多选）;2;5985;N;Qtype;Alterna  Easy;;points;
Alterna_Easy_03;以下哪些型号的特舒底盘为加强型粘胶底盘？（多选）;3;14249;Y;Qtype;Alterna  Easy;;points;
Alterna_Easy_03;以下哪些型号的特舒底盘为加强型粘胶底盘？（多选）;4;14263;N;Qtype;Alterna  Easy;;points;
Alterna_Easy_03;以下哪些型号的特舒底盘为加强型粘胶底盘？（多选）;5;5585;N;Qtype;Alterna  Easy;;points;
Alterna_Easy_04;以下哪些型号的特舒底盘为微凸/凸面底盘？（多选）;1;2833;N;Qtype;Alterna  Easy;;points;
Alterna_Easy_04;以下哪些型号的特舒底盘为微凸/凸面底盘？（多选）;2;5985;N;Qtype;Alterna  Easy;;points;
Alterna_Easy_04;以下哪些型号的特舒底盘为微凸/凸面底盘？（多选）;3;14249;Y;Qtype;Alterna  Easy;;points;
Alterna_Easy_04;以下哪些型号的特舒底盘为微凸/凸面底盘？（多选）;4;14263;Y;Qtype;Alterna  Easy;;points;
Alterna_Easy_04;以下哪些型号的特舒底盘为微凸/凸面底盘？（多选）;5;5585;N;Qtype;Alterna  Easy;;points;
Alterna_Easy_05;下面对双螺旋粘胶的阐述正确的一项是？ （单选）;1;双螺旋粘胶中的白色螺旋粘胶（部分）为高分子聚合物，抗腐蚀性更强;N;Qtype;Alterna  Easy;;points;
Alterna_Easy_05;下面对双螺旋粘胶的阐述正确的一项是？ （单选）;2;双螺旋粘胶中的褐色螺旋粘胶（部分）为高分子聚合物，吸收性和抗腐蚀性更强;N;Qtype;Alterna  Easy;;points;
Alterna_Easy_05;下面对双螺旋粘胶的阐述正确的一项是？ （单选）;3;双螺旋粘胶中的白色螺旋粘胶（部分）为新型水胶体粘胶，吸收性更强;Y;Qtype;Alterna  Easy;;points;
Alterna_Easy_05;下面对双螺旋粘胶的阐述正确的一项是？ （单选）;4;双螺旋粘胶中的褐色螺旋粘胶（部分）为高分子聚合物，吸收性更强;N;Qtype;Alterna  Easy;;points;
Alterna_Easy_06;特舒造口底盘有效期？（单选）;1;2年;N;Qtype;Alterna  Easy;;points;
Alterna_Easy_06;特舒造口底盘有效期？（单选）;2;3年;Y;Qtype;Alterna  Easy;;points;
Alterna_Easy_06;特舒造口底盘有效期？（单选）;3;4年;N;Qtype;Alterna  Easy;;points;
Alterna_Easy_06;特舒造口底盘有效期？（单选）;4;5年;N;Qtype;Alterna  Easy;;points;
Alterna_Easy_07;特舒底盘所采用的双螺旋黏胶是第几代黏胶产品？ （单选）;1;五;N;Qtype;Alterna  Easy;;points;
Alterna_Easy_07;特舒底盘所采用的双螺旋黏胶是第几代黏胶产品？ （单选）;2;四;Y;Qtype;Alterna  Easy;;points;
Alterna_Easy_07;特舒底盘所采用的双螺旋黏胶是第几代黏胶产品？ （单选）;3;三;N;Qtype;Alterna  Easy;;points;
Alterna_Easy_07;特舒底盘所采用的双螺旋黏胶是第几代黏胶产品？ （单选）;4;二;N;Qtype;Alterna  Easy;;points;
Alterna_Easy_08;以下对特舒尿路造口袋描述叙述正确的是？  （多选）;1;特舒尿路造口袋具有抗反流设计，防止尿液逆流导致的泌尿系统感染;Y;Qtype;Alterna  Easy;;points;
Alterna_Easy_08;以下对特舒尿路造口袋描述叙述正确的是？  （多选）;2;特舒尿路造口袋具有分流腔设计;N;Qtype;Alterna  Easy;;points;
Alterna_Easy_08;以下对特舒尿路造口袋描述叙述正确的是？  （多选）;3;特舒产品线可提供一件式及二件式尿路造口袋;Y;Qtype;Alterna  Easy;;points;
Alterna_Easy_08;以下对特舒尿路造口袋描述叙述正确的是？  （多选）;4;特舒产品线可提供透明及不透明尿路造口袋;N;Qtype;Alterna  Easy;;points;
Alterna_Easy_09;以下对特舒造口袋描述叙述正确的是？  （单选）;1;特舒产品线可提供开口袋、闭口袋及尿路造口袋产品，其中开口袋和闭口袋产品具有一体化过滤器;N;Qtype;Alterna  Easy;;points;
Alterna_Easy_09;以下对特舒造口袋描述叙述正确的是？  （单选）;2;特舒产品线可提供开口袋、闭口袋及尿路造口袋产品，所有产品均不具有一体化过滤器;N;Qtype;Alterna  Easy;;points;
Alterna_Easy_09;以下对特舒造口袋描述叙述正确的是？  （单选）;3;特舒二件式造口袋卡扣直径规格包括：50mm/60mm/70mm;N;Qtype;Alterna  Easy;;points;
Alterna_Easy_09;以下对特舒造口袋描述叙述正确的是？  （单选）;4;特舒二件式造口袋卡口直径规格包括：50mm/60mm;Y;Qtype;Alterna  Easy;;points;
Alterna_Easy_10;结肠造口患者排便规律后，使用下列哪种造口袋更合适？(单选);1;开口袋 ;N;Qtype;Alterna  Easy;;points;
Alterna_Easy_10;结肠造口患者排便规律后，使用下列哪种造口袋更合适？(单选);2;尿路造口袋 ;N;Qtype;Alterna  Easy;;points;
Alterna_Easy_10;结肠造口患者排便规律后，使用下列哪种造口袋更合适？(单选);3;闭口袋 ;Y;Qtype;Alterna  Easy;;points;
Alterna_Easy_11;特舒一件式开口袋05985/05885剪孔直径为？  （单选）;1;10-70mm;Y;Qtype;Alterna  Easy;;points;
Alterna_Easy_11;特舒一件式开口袋05985/05885剪孔直径为？  （单选）;2;20-70mm;N;Qtype;Alterna  Easy;;points;
Alterna_Easy_11;特舒一件式开口袋05985/05885剪孔直径为？  （单选）;3;10-55mm;N;Qtype;Alterna  Easy;;points;
Alterna_Easy_11;特舒一件式开口袋05985/05885剪孔直径为？  （单选）;4;20-55mm;N;Qtype;Alterna  Easy;;points;
Alterna_Easy_12;特舒一件式尿路造口袋05585剪孔直径为？  （单选）;1;10-70mm;N;Qtype;Alterna  Easy;;points;
Alterna_Easy_12;特舒一件式尿路造口袋05585剪孔直径为？  （单选）;2;20-70mm;N;Qtype;Alterna  Easy;;points;
Alterna_Easy_12;特舒一件式尿路造口袋05585剪孔直径为？  （单选）;3;10-55mm;Y;Qtype;Alterna  Easy;;points;
Alterna_Easy_12;特舒一件式尿路造口袋05585剪孔直径为？  （单选）;4;20-55mm;N;Qtype;Alterna  Easy;;points;
Alterna_Easy_13;特舒哪种造口袋配有一体化过滤器？  （单选）;1;开口袋;N;Qtype;Alterna  Easy;;points;
Alterna_Easy_13;特舒哪种造口袋配有一体化过滤器？  （单选）;2;儿童造口袋;N;Qtype;Alterna  Easy;;points;
Alterna_Easy_13;特舒哪种造口袋配有一体化过滤器？  （单选）;3;尿路造口袋;N;Qtype;Alterna  Easy;;points;
Alterna_Easy_13;特舒哪种造口袋配有一体化过滤器？  （单选）;4;闭口袋;Y;Qtype;Alterna  Easy;;points;
Alterna_Easy_14;特舒迷你闭口袋适合推荐以下哪些患者/场景使用？（多选）;1;可配合灌洗器使用;Y;Qtype;Alterna  Easy;;points;
Alterna_Easy_14;特舒迷你闭口袋适合推荐以下哪些患者/场景使用？（多选）;2;沐浴、游泳、社交场合、亲密时刻的短时选择;Y;Qtype;Alterna  Easy;;points;
Alterna_Easy_14;特舒迷你闭口袋适合推荐以下哪些患者/场景使用？（多选）;3;回肠造口患者常规使用;N;Qtype;Alterna  Easy;;points;
Alterna_Easy_15;以下对特舒产品描述正确的是？（多选）;1;特舒造口底盘有易揭除手柄;Y;Qtype;Alterna  Easy;;points;
Alterna_Easy_15;以下对特舒产品描述正确的是？（多选）;2;特舒一件式和二件式产品具有腰带锁扣，用于佩戴造口腰带;N;Qtype;Alterna  Easy;;points;
Alterna_Easy_15;以下对特舒产品描述正确的是？（多选）;3;特舒二件式产品扣合系统具有”咔哒”声，用于提示安全扣合;Y;Qtype;Alterna  Easy;;points;
Alterna_Easy_15;以下对特舒产品描述正确的是？（多选）;4;特舒二件式产品扣合系统在锁闭前，造口袋可旋转，方便依据患者需要进行调整;Y;Qtype;Alterna  Easy;;points;
Alterna_Easy_16;特舒产品说明书中产品储存要求包括？  （多选）;1;室温下保存;Y;Qtype;Alterna  Easy;;points;
Alterna_Easy_16;特舒产品说明书中产品储存要求包括？  （多选）;2;阴凉干燥;Y;Qtype;Alterna  Easy;;points;
Alterna_Easy_16;特舒产品说明书中产品储存要求包括？  （多选）;3;避免阳光直射;Y;Qtype;Alterna  Easy;;points;
Alterna_Easy_16;特舒产品说明书中产品储存要求包括？  （多选）;4;不要放入冰箱保存;Y;Qtype;Alterna  Easy;;points;
Alterna_Easy_17;特舒型号齐全，可以为造口患者提供包括？（多选）;1;一件式造口护理用品;Y;Qtype;Alterna  Easy;;points;
Alterna_Easy_17;特舒型号齐全，可以为造口患者提供包括？（多选）;2;二件式机械扣合护理用品;Y;Qtype;Alterna  Easy;;points;
Alterna_Easy_17;特舒型号齐全，可以为造口患者提供包括？（多选）;3;二件式黏贴扣合护理用品;N;Qtype;Alterna  Easy;;points;
Alterna_Easy_17;特舒型号齐全，可以为造口患者提供包括？（多选）;4;一件式儿童造口护理用品;Y;Qtype;Alterna  Easy;;points;
Alterna_Easy_18;判断：双螺旋粘胶，两种黏胶交替接触皮肤，是为了增加亲肤性，允许皮肤呼吸 （单选）;1;正确;Y;Qtype;Alterna  Easy;;points;
Alterna_Easy_18;判断：双螺旋粘胶，两种黏胶交替接触皮肤，是为了增加亲肤性，允许皮肤呼吸 （单选）;2;错误;N;Qtype;Alterna  Easy;;points;
Alterna_Easy_19;判断：特舒加强型粘胶底盘相比普通型粘胶底盘粘性和抗腐蚀性能更强  （单选）;1;正确;Y;Qtype;Alterna  Easy;;points;
Alterna_Easy_19;判断：特舒加强型粘胶底盘相比普通型粘胶底盘粘性和抗腐蚀性能更强  （单选）;2;错误;N;Qtype;Alterna  Easy;;points;
Alterna_Easy_20;判断：特舒凸面底盘应用必须搭配造口腰带 （单选） ;1;正确;Y;Qtype;Alterna  Easy;;points;
Alterna_Easy_20;判断：特舒凸面底盘应用必须搭配造口腰带 （单选） ;2;错误;N;Qtype;Alterna  Easy;;points;
Alterna_Easy_21;判断：特舒二件式造口产品具有独特锁扣设计，佩戴安全灵活，能够降低佩戴时对腹部的压力  （单选）;1;正确;Y;Qtype;Alterna  Easy;;points;
Alterna_Easy_21;判断：特舒二件式造口产品具有独特锁扣设计，佩戴安全灵活，能够降低佩戴时对腹部的压力  （单选）;2;错误;N;Qtype;Alterna  Easy;;points;
Alterna_Easy_22;判断：特舒造口袋薄膜为多层结构设计，有效屏蔽异味，减少噪音，提高造口袋隐蔽性  （单选）;1;正确;Y;Qtype;Alterna  Easy;;points;
Alterna_Easy_22;判断：特舒造口袋薄膜为多层结构设计，有效屏蔽异味，减少噪音，提高造口袋隐蔽性  （单选）;2;错误;N;Qtype;Alterna  Easy;;points;
Alterna_Hard_01;以下对双螺旋黏胶描述正确的是？（多选）;1;两种黏胶交替接触皮肤，增加亲肤性，允许皮肤呼吸;Y;Qtype;Alterna  Hard;;points;
Alterna_Hard_01;以下对双螺旋黏胶描述正确的是？（多选）;2;双螺旋粘胶在与皮肤接触后温度增加，热塑性增强，黏胶具备流动性，使粘胶与皮肤皱纹充分接触，增加黏胶的粘贴面积及牢固性，安全性增强、降低排泄物渗漏的风险、降低皮肤并发症风险;Y;Qtype;Alterna  Hard;;points;
Alterna_Hard_01;以下对双螺旋黏胶描述正确的是？（多选）;3;可通过外观辨别：浅棕色黏胶为加强型黏胶，专为腐蚀性强的造口排泄物设计；淡色/透明黏胶为普通型黏胶;N;Qtype;Alterna  Hard;;points;
Alterna_Hard_01;以下对双螺旋黏胶描述正确的是？（多选）;4;可通过外观辨别：淡色/透明黏胶为加强型黏胶，专为腐蚀性强的造口排泄物设计；浅棕色黏胶为普通型黏胶;Y;Qtype;Alterna  Hard;;points;
Alterna_Hard_02;以下对特舒产品描述叙述正确的是？  （多选）;1;特舒产品线品规齐全，包括一件式和二件式造口护理产品，其中二件式底盘又有平面、微凸、凸面底盘以及普通型和加强型黏胶可供选择，可以满足造口患者个体化护理需求;Y;Qtype;Alterna  Hard;;points;
Alterna_Hard_02;以下对特舒产品描述叙述正确的是？  （多选）;2;特舒采用双层黏胶，有效减少渗漏发生;N;Qtype;Alterna  Hard;;points;
Alterna_Hard_02;以下对特舒产品描述叙述正确的是？  （多选）;3;1991年起特舒陆续在全球90多个国家上市销售，积累了广泛的临床使用经验，是值得信赖的造口护理用品;Y;Qtype;Alterna  Hard;;points;
Alterna_Hard_02;以下对特舒产品描述叙述正确的是？  （多选）;4;特舒产品设计具有临床应用优势，例如，相对于主要竞争产品，特舒二件式底盘配备腰带锁扣，可持续压出造口防止渗漏，且更换造口袋的时候无须摘除腰带，操作更加安全简便;Y;Qtype;Alterna  Hard;;points;
Alterna_Hard_03;特舒底盘佩戴时间应遵循ARC原则，当遇有专业客户/患者反馈：底盘佩戴时间缩短时，可能的原因包括？ （多选）;1;产品保存不当;Y;Qtype;Alterna  Hard;;points;
Alterna_Hard_03;特舒底盘佩戴时间应遵循ARC原则，当遇有专业客户/患者反馈：底盘佩戴时间缩短时，可能的原因包括？ （多选）;2;产品操作不当;Y;Qtype;Alterna  Hard;;points;
Alterna_Hard_03;特舒底盘佩戴时间应遵循ARC原则，当遇有专业客户/患者反馈：底盘佩戴时间缩短时，可能的原因包括？ （多选）;3;气候环境变化;Y;Qtype;Alterna  Hard;;points;
Alterna_Hard_03;特舒底盘佩戴时间应遵循ARC原则，当遇有专业客户/患者反馈：底盘佩戴时间缩短时，可能的原因包括？ （多选）;4;患者体型变化;Y;Qtype;Alterna  Hard;;points;
Pediatric_stoma_01;导致行儿童造口术的相关疾病主要有？（多选）;1;先天性巨结肠  ;Y;Qtype;Pediatric stoma;;points;
Pediatric_stoma_01;导致行儿童造口术的相关疾病主要有？（多选）;2;肛门闭锁;Y;Qtype;Pediatric stoma;;points;
Pediatric_stoma_01;导致行儿童造口术的相关疾病主要有？（多选）;3;坏死性小肠结肠炎;Y;Qtype;Pediatric stoma;;points;
Pediatric_stoma_01;导致行儿童造口术的相关疾病主要有？（多选）;4;肠闭锁;Y;Qtype;Pediatric stoma;;points;
Pediatric_stoma_02;儿童造口术的特点有？（多选）;1;急重症手术;Y;Qtype;Pediatric stoma;;points;
Pediatric_stoma_02;儿童造口术的特点有？（多选）;2;绝大多数为临时性造口;Y;Qtype;Pediatric stoma;;points;
Pediatric_stoma_02;儿童造口术的特点有？（多选）;3;通常无法进行造口定位;Y;Qtype;Pediatric stoma;;points;
Pediatric_stoma_02;儿童造口术的特点有？（多选）;4;造口并发症不多发;N;Qtype;Pediatric stoma;;points;
Pediatric_stoma_03;关于婴幼儿的皮肤特点正确的有？（多选）;1;足月儿的皮肤厚度仅成人的1/10，表皮和真皮的联系不够紧密。;Y;Qtype;Pediatric stoma;;points;
Pediatric_stoma_03;关于婴幼儿的皮肤特点正确的有？（多选）;2;早产儿比足月儿的皮肤屏障发育更不完全，角质层更薄;Y;Qtype;Pediatric stoma;;points;
Pediatric_stoma_03;关于婴幼儿的皮肤特点正确的有？（多选）;3;早产儿皮肤渗透性强;Y;Qtype;Pediatric stoma;;points;
Pediatric_stoma_03;关于婴幼儿的皮肤特点正确的有？（多选）;4;3岁以内的婴幼儿皮肤组织发育仍未达到成人水平，易发生皮肤损伤;Y;Qtype;Pediatric stoma;;points;
Pediatric_stoma_04;儿童造口的护理挑战有哪些？（多选）;1;身体：弱小、爱哭闹、腹部鼓圆;Y;Qtype;Pediatric stoma;;points;
Pediatric_stoma_04;儿童造口的护理挑战有哪些？（多选）;2;皮肤：脆弱、发育未完全;Y;Qtype;Pediatric stoma;;points;
Pediatric_stoma_04;儿童造口的护理挑战有哪些？（多选）;3;护理：耗时长、易损伤、无自护能力;Y;Qtype;Pediatric stoma;;points;
Pediatric_stoma_04;儿童造口的护理挑战有哪些？（多选）;4;排泄物：成型但无规律;N;Qtype;Pediatric stoma;;points;
Pediatric_stoma_05;特舒®儿童型一件式造口袋的剪孔尺寸为？（单选）;1;10-35mm;Y;Qtype;Pediatric stoma;;points;
Pediatric_stoma_05;特舒®儿童型一件式造口袋的剪孔尺寸为？（单选）;2;15-40mm;N;Qtype;Pediatric stoma;;points;
Pediatric_stoma_05;特舒®儿童型一件式造口袋的剪孔尺寸为？（单选）;3;15-50mm;N;Qtype;Pediatric stoma;;points;
Pediatric_stoma_05;特舒®儿童型一件式造口袋的剪孔尺寸为？（单选）;4;10-66mm;N;Qtype;Pediatric stoma;;points;
Pediatric_stoma_06;推荐给儿童使用的胜舒®一式开口袋的剪孔尺寸为？（单选）;1;10-35mm;N;Qtype;Pediatric stoma;;points;
Pediatric_stoma_06;推荐给儿童使用的胜舒®一式开口袋的剪孔尺寸为？（单选）;2;15-40mm;N;Qtype;Pediatric stoma;;points;
Pediatric_stoma_06;推荐给儿童使用的胜舒®一式开口袋的剪孔尺寸为？（单选）;3;15-50mm;N;Qtype;Pediatric stoma;;points;
Pediatric_stoma_06;推荐给儿童使用的胜舒®一式开口袋的剪孔尺寸为？（单选）;4;10-66mm;Y;Qtype;Pediatric stoma;;points;
Pediatric_stoma_07;儿童造口以双腔造口居多，推荐使用的产品为？（单选）;1;儿童艺舒;N;Qtype;Pediatric stoma;;points;
Pediatric_stoma_07;儿童造口以双腔造口居多，推荐使用的产品为？（单选）;2;胜舒®一式开口袋;Y;Qtype;Pediatric stoma;;points;
Pediatric_stoma_07;儿童造口以双腔造口居多，推荐使用的产品为？（单选）;3;儿童特舒;N;Qtype;Pediatric stoma;;points;
Pediatric_stoma_08;宝宝腹部鼓圆，且爱动易哭闹，造口翘边的情况时常发生，请问选择哪种附件产品可避免此问题？（单选）;1;可塑贴环;N;Qtype;Pediatric stoma;;points;
Pediatric_stoma_08;宝宝腹部鼓圆，且爱动易哭闹，造口翘边的情况时常发生，请问选择哪种附件产品可避免此问题？（单选）;2;护肤粉;N;Qtype;Pediatric stoma;;points;
Pediatric_stoma_08;宝宝腹部鼓圆，且爱动易哭闹，造口翘边的情况时常发生，请问选择哪种附件产品可避免此问题？（单选）;3;皮肤保护膜;N;Qtype;Pediatric stoma;;points;
Pediatric_stoma_08;宝宝腹部鼓圆，且爱动易哭闹，造口翘边的情况时常发生，请问选择哪种附件产品可避免此问题？（单选）;4;弹力胶贴;Y;Qtype;Pediatric stoma;;points;
Pediatric_stoma_09;宝宝皮肤角质层较薄，且发育未完全，揭除底盘时易导致MARSI的发生，请问选择哪种附件产品可避免此问题？（单选）;1;黏胶祛除喷剂;Y;Qtype;Pediatric stoma;;points;
Pediatric_stoma_09;宝宝皮肤角质层较薄，且发育未完全，揭除底盘时易导致MARSI的发生，请问选择哪种附件产品可避免此问题？（单选）;2;护肤粉;N;Qtype;Pediatric stoma;;points;
Pediatric_stoma_09;宝宝皮肤角质层较薄，且发育未完全，揭除底盘时易导致MARSI的发生，请问选择哪种附件产品可避免此问题？（单选）;3;皮肤保护膜;N;Qtype;Pediatric stoma;;points;
Pediatric_stoma_09;宝宝皮肤角质层较薄，且发育未完全，揭除底盘时易导致MARSI的发生，请问选择哪种附件产品可避免此问题？（单选）;4;弹力胶贴;N;Qtype;Pediatric stoma;;points;
Pediatric_stoma_10;判断：儿童造口大多数为永久性造口。（单选）;1;正确;N;Qtype;Pediatric stoma;;points;
Pediatric_stoma_10;判断：儿童造口大多数为永久性造口。（单选）;2;错误;Y;Qtype;Pediatric stoma;;points;
Pediatric_stoma_11;判断：儿童造口的原发病与成人造口一样，都是以结直肠癌为主。（单选）;1;正确;N;Qtype;Pediatric stoma;;points;
Pediatric_stoma_11;判断：儿童造口的原发病与成人造口一样，都是以结直肠癌为主。（单选）;2;错误;Y;Qtype;Pediatric stoma;;points;
Pediatric_stoma_12;判断：抗腐蚀性和吸收性平衡的胜舒底盘黏胶，更适合娇嫩且发育未完全的婴幼儿皮肤（单选）;1;正确;Y;Qtype;Pediatric stoma;;points;
Pediatric_stoma_12;判断：抗腐蚀性和吸收性平衡的胜舒底盘黏胶，更适合娇嫩且发育未完全的婴幼儿皮肤（单选）;2;错误;N;Qtype;Pediatric stoma;;points;
Pediatric_stoma_13;判断：胜舒底盘的受力点设计，更贴合儿童鼓圆的腹部，防止翘边（单选）;1;正确;Y;Qtype;Pediatric stoma;;points;
Pediatric_stoma_13;判断：胜舒底盘的受力点设计，更贴合儿童鼓圆的腹部，防止翘边（单选）;2;错误;N;Qtype;Pediatric stoma;;points;
Pediatric_stoma_14;判断：宝宝排泄物较稀，腐蚀性大，且暂无语言表达能力，为有效避免渗漏的发生，建议1-2天更换一次造口底盘（单选）;1;正确;Y;Qtype;Pediatric stoma;;points;
Pediatric_stoma_14;判断：宝宝排泄物较稀，腐蚀性大，且暂无语言表达能力，为有效避免渗漏的发生，建议1-2天更换一次造口底盘（单选）;2;错误;N;Qtype;Pediatric stoma;;points;
Accessory_Easy_01;可塑贴环具有两种厚度规格，它们是？（单选）  ;1;2 mm 和 3 mm;N;Qtype;Accessory Easy;;points;
Accessory_Easy_01;可塑贴环具有两种厚度规格，它们是？（单选）  ;2;2 mm 和 3.2 mm;N;Qtype;Accessory Easy;;points;
Accessory_Easy_01;可塑贴环具有两种厚度规格，它们是？（单选）  ;3;2 mm 和 4 mm;N;Qtype;Accessory Easy;;points;
Accessory_Easy_01;可塑贴环具有两种厚度规格，它们是？（单选）  ;4;2 mm 和 4.2 mm;Y;Qtype;Accessory Easy;;points;
Accessory_Easy_02;弹力胶贴的产品设计使其能够（单选） ;1;贴合身体轮廓;N;Qtype;Accessory Easy;;points;
Accessory_Easy_02;弹力胶贴的产品设计使其能够（单选） ;2;适应身体体位变化的牵拉;N;Qtype;Accessory Easy;;points;
Accessory_Easy_02;弹力胶贴的产品设计使其能够（单选） ;3;贴合身体轮廓及适应身体体位变化的牵拉;Y;Qtype;Accessory Easy;;points;
Accessory_Easy_03;造口护肤粉应用于？（单选） ;1;降低造口周围皮肤的刺激;N;Qtype;Accessory Easy;;points;
Accessory_Easy_03;造口护肤粉应用于？（单选） ;2;为皮肤提供良好的吸收性及保护性;N;Qtype;Accessory Easy;;points;
Accessory_Easy_03;造口护肤粉应用于？（单选） ;3;降低造口周围皮肤的刺激，并且为皮肤提供良好的吸收性及保护性;Y;Qtype;Accessory Easy;;points;
Accessory_Easy_04;可塑贴环和防漏膏都是为填充造口周围皮肤凹陷和褶皱而设计（单选）;1;正确;Y;Qtype;Accessory Easy;;points;
Accessory_Easy_04;可塑贴环和防漏膏都是为填充造口周围皮肤凹陷和褶皱而设计（单选）;2;错误;N;Qtype;Accessory Easy;;points;
Accessory_Easy_05;对造口人士来说，哪些问题是最常经历的问题? （单选）;1;皮肤问题和气味问题;N;Qtype;Accessory Easy;;points;
Accessory_Easy_05;对造口人士来说，哪些问题是最常经历的问题? （单选）;2;渗漏和皮肤问题;Y;Qtype;Accessory Easy;;points;
Accessory_Easy_05;对造口人士来说，哪些问题是最常经历的问题? （单选）;3;渗漏和造口大小改变问题;N;Qtype;Accessory Easy;;points;
Accessory_Easy_05;对造口人士来说，哪些问题是最常经历的问题? （单选）;4;造口旁疝;N;Qtype;Accessory Easy;;points;
Accessory_Easy_06;使用Brava造口附件产品的主要目的是？（单选）;1;预防渗漏和保护皮肤;Y;Qtype;Accessory Easy;;points;
Accessory_Easy_06;使用Brava造口附件产品的主要目的是？（单选）;2;增加舒适感和安全性;N;Qtype;Accessory Easy;;points;
Accessory_Easy_06;使用Brava造口附件产品的主要目的是？（单选）;3;预防皮肤问题并增加活动自由度;N;Qtype;Accessory Easy;;points;
Accessory_Easy_07;Brava弹力胶贴最主要的产品特点是？（多选）;1;它不仅可用于所有的康乐保产品，并且可以用于所有的竞争产品。;Y;Qtype;Accessory Easy;;points;
Accessory_Easy_07;Brava弹力胶贴最主要的产品特点是？（多选）;2;它可以固定底盘边缘，防止翘边，提供加强固定保护。;Y;Qtype;Accessory Easy;;points;
Accessory_Easy_07;Brava弹力胶贴最主要的产品特点是？（多选）;3;它的弹性良好可以贴合身体形态并可适应体位变化的牵拉。;Y;Qtype;Accessory Easy;;points;
Accessory_Easy_07;Brava弹力胶贴最主要的产品特点是？（多选）;4;它具有亲肤友好的水胶体成分。;Y;Qtype;Accessory Easy;;points;
Accessory_Easy_08;Brava可塑贴环是预防渗漏类产品，其最关键的产品特点是？（单选）;1;它具有可塑性，并且使用方便;N;Qtype;Accessory Easy;;points;
Accessory_Easy_08;Brava可塑贴环是预防渗漏类产品，其最关键的产品特点是？（单选）;2;它紧密贴合造口及造口周围皮肤，意味着其可以为造口提供紧密塑封并提供持久的佩戴。;Y;Qtype;Accessory Easy;;points;
Accessory_Easy_08;Brava可塑贴环是预防渗漏类产品，其最关键的产品特点是？（单选）;3;它可以吸收水分，保持皮肤干爽和健康。;N;Qtype;Accessory Easy;;points;
Accessory_Easy_09;Brava造口附件产品按功能可以分为：（单选）;1;预防渗漏，保护皮肤;Y;Qtype;Accessory Easy;;points;
Accessory_Easy_09;Brava造口附件产品按功能可以分为：（单选）;2;预防渗漏，提高舒适性;N;Qtype;Accessory Easy;;points;
Accessory_Easy_09;Brava造口附件产品按功能可以分为：（单选）;3;保护皮肤，提高舒适性;N;Qtype;Accessory Easy;;points;
Accessory_Easy_09;Brava造口附件产品按功能可以分为：（单选）;4;提高安全和舒适性，增加隐蔽性;N;Qtype;Accessory Easy;;points;
Accessory_Easy_10;关于弹力胶贴的描述不正确的是？（单选）;1;即使身体形态发生改变或移动，它能够紧密贴合身体，是由于它具有良好的弹性。;N;Qtype;Accessory Easy;;points;
Accessory_Easy_10;关于弹力胶贴的描述不正确的是？（单选）;2;它亲肤友好是由于添加了芦荟凝胶成分;Y;Qtype;Accessory Easy;;points;
Accessory_Easy_10;关于弹力胶贴的描述不正确的是？（单选）;3;它能够贴合皮肤以及底盘边缘而不翘起是因为其具有坡度的边缘设计;N;Qtype;Accessory Easy;;points;
Accessory_Easy_11;出院之后，造口人最常经历的两个问题是什么？（单选）;1;造口疝和如何操作;N;Qtype;Accessory Easy;;points;
Accessory_Easy_11;出院之后，造口人最常经历的两个问题是什么？（单选）;2;泄漏和造口大小的改变;N;Qtype;Accessory Easy;;points;
Accessory_Easy_11;出院之后，造口人最常经历的两个问题是什么？（单选）;3;渗漏和皮肤问题;Y;Qtype;Accessory Easy;;points;
Accessory_Easy_11;出院之后，造口人最常经历的两个问题是什么？（单选）;4;皮肤问题和气味;N;Qtype;Accessory Easy;;points;
Accessory_Easy_12;对话研究中提到，有（   ）比例的的造口患者会使用至少一种造口附件产品用于日常的造口护理？（单选）;1;60%;N;Qtype;Accessory Easy;;points;
Accessory_Easy_12;对话研究中提到，有（   ）比例的的造口患者会使用至少一种造口附件产品用于日常的造口护理？（单选）;2;65%;N;Qtype;Accessory Easy;;points;
Accessory_Easy_12;对话研究中提到，有（   ）比例的的造口患者会使用至少一种造口附件产品用于日常的造口护理？（单选）;3;70%;N;Qtype;Accessory Easy;;points;
Accessory_Easy_12;对话研究中提到，有（   ）比例的的造口患者会使用至少一种造口附件产品用于日常的造口护理？（单选）;4;75%;Y;Qtype;Accessory Easy;;points;
Accessory_Easy_13;附件护理套装聚焦于三个产品的推广，向造口人士传递附件产品预防性使用的观念。这三个产品是？（多选）;1;防漏膏;N;Qtype;Accessory Easy;;points;
Accessory_Easy_13;附件护理套装聚焦于三个产品的推广，向造口人士传递附件产品预防性使用的观念。这三个产品是？（多选）;2;可塑贴环;Y;Qtype;Accessory Easy;;points;
Accessory_Easy_13;附件护理套装聚焦于三个产品的推广，向造口人士传递附件产品预防性使用的观念。这三个产品是？（多选）;3;造口护肤粉;Y;Qtype;Accessory Easy;;points;
Accessory_Easy_13;附件护理套装聚焦于三个产品的推广，向造口人士传递附件产品预防性使用的观念。这三个产品是？（多选）;4;弹力胶贴;N;Qtype;Accessory Easy;;points;
Accessory_Easy_13;附件护理套装聚焦于三个产品的推广，向造口人士传递附件产品预防性使用的观念。这三个产品是？（多选）;5;皮肤保护膜;Y;Qtype;Accessory Easy;;points;
Accessory_Easy_14;为了培养造口人对附件产品的使用习惯，在附件产品众多的品规中，我们首先推荐新造口患者起始使用造口附件套装：（     ）用于保护皮肤、预防渗漏。（多选）   ;1;Brava造口护肤粉;Y;Qtype;Accessory Easy;;points;
Accessory_Easy_14;为了培养造口人对附件产品的使用习惯，在附件产品众多的品规中，我们首先推荐新造口患者起始使用造口附件套装：（     ）用于保护皮肤、预防渗漏。（多选）   ;2;皮肤保护膜;Y;Qtype;Accessory Easy;;points;
Accessory_Easy_14;为了培养造口人对附件产品的使用习惯，在附件产品众多的品规中，我们首先推荐新造口患者起始使用造口附件套装：（     ）用于保护皮肤、预防渗漏。（多选）   ;3;Brava黏胶祛除剂;N;Qtype;Accessory Easy;;points;
Accessory_Easy_14;为了培养造口人对附件产品的使用习惯，在附件产品众多的品规中，我们首先推荐新造口患者起始使用造口附件套装：（     ）用于保护皮肤、预防渗漏。（多选）   ;4;Brava可塑贴环;Y;Qtype;Accessory Easy;;points;
Accessory_Easy_14;为了培养造口人对附件产品的使用习惯，在附件产品众多的品规中，我们首先推荐新造口患者起始使用造口附件套装：（     ）用于保护皮肤、预防渗漏。（多选）   ;5;Brava防漏条;N;Qtype;Accessory Easy;;points;
Accessory_Easy_14;为了培养造口人对附件产品的使用习惯，在附件产品众多的品规中，我们首先推荐新造口患者起始使用造口附件套装：（     ）用于保护皮肤、预防渗漏。（多选）   ;6;Brava弹力胶贴;N;Qtype;Accessory Easy;;points;
Accessory_Easy_15;Brava可塑贴环适用于哪些身体类型？（多选）;1;正常体型;Y;Qtype;Accessory Easy;;points;
Accessory_Easy_15;Brava可塑贴环适用于哪些身体类型？（多选）;2;偏瘦体型（腹部凹陷）;Y;Qtype;Accessory Easy;;points;
Accessory_Easy_15;Brava可塑贴环适用于哪些身体类型？（多选）;3;偏胖体型（腹部隆起）;Y;Qtype;Accessory Easy;;points;
Accessory_Easy_16;皮肤保护膜的作用是？（多选）;1;隔离排泄物，减少排泄物对皮肤的刺激;Y;Qtype;Accessory Easy;;points;
Accessory_Easy_16;皮肤保护膜的作用是？（多选）;2;隔离底盘黏胶对皮肤的刺激;Y;Qtype;Accessory Easy;;points;
Accessory_Easy_16;皮肤保护膜的作用是？（多选）;3;吸收水分;N;Qtype;Accessory Easy;;points;
Accessory_Easy_17;如果过滤系统/碳片的气体中和能力降低，该怎么办？（单选）;1;用针扎几个孔;N;Qtype;Accessory Easy;;points;
Accessory_Easy_17;如果过滤系统/碳片的气体中和能力降低，该怎么办？（单选）;2;用手指隔着袋子，将附在过滤器上的排泄物抹平;N;Qtype;Accessory Easy;;points;
Accessory_Easy_17;如果过滤系统/碳片的气体中和能力降低，该怎么办？（单选）;3;马上更换袋子，随着袋子使用时间的延长，过滤器吸附了太多的湿气和排泄物，已经堵塞了;Y;Qtype;Accessory Easy;;points;
Accessory_Easy_18;造口附件产品不能用于以下哪类患者身上（多选） ;1;早产儿，在保温箱内接受护理的婴儿;Y;Qtype;Accessory Easy;;points;
Accessory_Easy_18;造口附件产品不能用于以下哪类患者身上（多选） ;2;免疫系统受损的患者;Y;Qtype;Accessory Easy;;points;
Accessory_Easy_18;造口附件产品不能用于以下哪类患者身上（多选） ;3;需要无菌医疗操作的患者;Y;Qtype;Accessory Easy;;points;
Accessory_Easy_18;造口附件产品不能用于以下哪类患者身上（多选） ;4;开放性伤口的患者;Y;Qtype;Accessory Easy;;points;
Accessory_Easy_19;以下关于弹力胶贴的表述正确的是？（多选）;1;在使用时先握住小片保护贴纸一端，首先撕去大片的保护贴纸，以方便持握操作。;Y;Qtype;Accessory Easy;;points;
Accessory_Easy_19;以下关于弹力胶贴的表述正确的是？（多选）;2;黏贴于皮肤上的弹力胶贴过宽会减弱弹力胶贴的加固效果，建议将大于1/2宽的部分黏贴于底盘上。;N;Qtype;Accessory Easy;;points;
Accessory_Easy_19;以下关于弹力胶贴的表述正确的是？（多选）;3;黏贴于皮肤上的弹力胶贴过窄会减弱弹力胶贴的加固效果，建议将小于1/2宽的部分黏贴于底盘上。;Y;Qtype;Accessory Easy;;points;
Accessory_Easy_19;以下关于弹力胶贴的表述正确的是？（多选）;4;弹力胶贴可随底盘一起更换;Y;Qtype;Accessory Easy;;points;
Accessory_Easy_20;造口附件产品能够配合造口产品有效保护皮肤、预防渗漏。目前康乐保附件产品的推广策略是什么？（单选）;1;标准化使用，预防皮肤问题的发生，提升造口人生活质量。;Y;Qtype;Accessory Easy;;points;
Accessory_Easy_20;造口附件产品能够配合造口产品有效保护皮肤、预防渗漏。目前康乐保附件产品的推广策略是什么？（单选）;2;选择性使用，选择一到两种关键产品使用，能少用就少用。;N;Qtype;Accessory Easy;;points;
Accessory_Easy_20;造口附件产品能够配合造口产品有效保护皮肤、预防渗漏。目前康乐保附件产品的推广策略是什么？（单选）;3;个性化使用，例如夏季多使用造口护肤粉吸收汗液，冬季可少用或不用。;N;Qtype;Accessory Easy;;points;
Accessory_Easy_20;造口附件产品能够配合造口产品有效保护皮肤、预防渗漏。目前康乐保附件产品的推广策略是什么？（单选）;4;出现皮肤或渗漏问题后再使用。;N;Qtype;Accessory Easy;;points;
Accessory_Easy_21;弹力胶贴适用于造口人士使用于以下哪种情况？（多选）;1;外出旅行;Y;Qtype;Accessory Easy;;points;
Accessory_Easy_21;弹力胶贴适用于造口人士使用于以下哪种情况？（多选）;2;游泳或跑步等运动;Y;Qtype;Accessory Easy;;points;
Accessory_Easy_21;弹力胶贴适用于造口人士使用于以下哪种情况？（多选）;3;延长底盘佩戴时间;N;Qtype;Accessory Easy;;points;
Accessory_Easy_21;弹力胶贴适用于造口人士使用于以下哪种情况？（多选）;4;沐浴;Y;Qtype;Accessory Easy;;points;
Accessory_Easy_21;弹力胶贴适用于造口人士使用于以下哪种情况？（多选）;5;日常加固，预防翘边;Y;Qtype;Accessory Easy;;points;
Accessory_Easy_22;对于造口旁疝或是腹部较为肥胖的患者，使用（  ）产品可以帮助其更加有效地固定底盘，提供安全保护？（单选）;1;防漏条;N;Qtype;Accessory Easy;;points;
Accessory_Easy_22;对于造口旁疝或是腹部较为肥胖的患者，使用（  ）产品可以帮助其更加有效地固定底盘，提供安全保护？（单选）;2;可塑贴环;N;Qtype;Accessory Easy;;points;
Accessory_Easy_22;对于造口旁疝或是腹部较为肥胖的患者，使用（  ）产品可以帮助其更加有效地固定底盘，提供安全保护？（单选）;3;弹力胶贴;Y;Qtype;Accessory Easy;;points;
Accessory_Easy_22;对于造口旁疝或是腹部较为肥胖的患者，使用（  ）产品可以帮助其更加有效地固定底盘，提供安全保护？（单选）;4;造口护肤粉;N;Qtype;Accessory Easy;;points;
Accessory_Easy_23;造口附件产品中，能够替代防漏膏产品使用，具有更佳可塑性与支撑性的产品是？（单选）;1;防漏条;N;Qtype;Accessory Easy;;points;
Accessory_Easy_23;造口附件产品中，能够替代防漏膏产品使用，具有更佳可塑性与支撑性的产品是？（单选）;2;可塑贴环;Y;Qtype;Accessory Easy;;points;
Accessory_Easy_23;造口附件产品中，能够替代防漏膏产品使用，具有更佳可塑性与支撑性的产品是？（单选）;3;弹力胶贴;N;Qtype;Accessory Easy;;points;
Accessory_Easy_23;造口附件产品中，能够替代防漏膏产品使用，具有更佳可塑性与支撑性的产品是？（单选）;4;造口护肤粉;N;Qtype;Accessory Easy;;points;
Accessory_Easy_24;下列关于可塑贴环描述正确的是？（多选）;1;普通型（2.0mm）适用于所有造口患者进行常规佩戴，有效预防渗漏。;Y;Qtype;Accessory Easy;;points;
Accessory_Easy_24;下列关于可塑贴环描述正确的是？（多选）;2;加厚型（4.2mm）适合造口形状较大或有造口凹陷问题的患者；造口回缩或凹陷的患者建议配合凸面或微凸型底盘使用，可起到良好效果。;Y;Qtype;Accessory Easy;;points;
Accessory_Easy_24;下列关于可塑贴环描述正确的是？（多选）;3;可塑贴环的更换频率为每3到5天更换一次;N;Qtype;Accessory Easy;;points;
Accessory_Easy_24;下列关于可塑贴环描述正确的是？（多选）;4;根据个人身体情况，可以一次使用一只或多只贴环。;Y;Qtype;Accessory Easy;;points;
Accessory_Easy_25;以下关于Brava可塑贴环说法正确的是？（多选）;1;可塑贴环的主要成分是丁烯共聚物、明胶等；其中的明胶取材于猪的皮肤和/或骨骼。;Y;Qtype;Accessory Easy;;points;
Accessory_Easy_25;以下关于Brava可塑贴环说法正确的是？（多选）;2;大多数造口人可以使用可塑贴环替代防漏膏产品有效预防渗漏。;Y;Qtype;Accessory Easy;;points;
Accessory_Easy_25;以下关于Brava可塑贴环说法正确的是？（多选）;3;可塑性强，操作简单，易佩戴，易揭除。;Y;Qtype;Accessory Easy;;points;
Accessory_Easy_25;以下关于Brava可塑贴环说法正确的是？（多选）;4;采用强效配方，长时间佩戴可保持形态完整，耐腐蚀，更换底盘无需更换可塑贴环。;N;Qtype;Accessory Easy;;points;
Accessory_Easy_26;康乐保造口附件产品具有保护皮肤功能的是? （单选）;1;可塑贴环、弹力胶贴、防漏膏、防漏条;N;Qtype;Accessory Easy;;points;
Accessory_Easy_26;康乐保造口附件产品具有保护皮肤功能的是? （单选）;2;造口护肤粉、 黏胶祛除喷剂、可塑贴环、弹力胶贴;N;Qtype;Accessory Easy;;points;
Accessory_Easy_26;康乐保造口附件产品具有保护皮肤功能的是? （单选）;3;造口护肤粉、 黏胶祛除喷剂、黏胶祛除擦纸、皮肤保护膜;Y;Qtype;Accessory Easy;;points;
Accessory_Easy_26;康乐保造口附件产品具有保护皮肤功能的是? （单选）;4;可塑贴环、弹力胶贴、防漏膏、皮肤保护膜;N;Qtype;Accessory Easy;;points;
Accessory_Easy_27;当皮肤保护膜擦拭于造口周围皮肤未完全变干时黏贴造口袋会（    ）底盘的黏着力？（单选）;1;降低;N;Qtype;Accessory Easy;;points;
Accessory_Easy_27;当皮肤保护膜擦拭于造口周围皮肤未完全变干时黏贴造口袋会（    ）底盘的黏着力？（单选）;2;增加;Y;Qtype;Accessory Easy;;points;
Accessory_Easy_27;当皮肤保护膜擦拭于造口周围皮肤未完全变干时黏贴造口袋会（    ）底盘的黏着力？（单选）;3;保持;N;Qtype;Accessory Easy;;points;
Accessory_Easy_27;当皮肤保护膜擦拭于造口周围皮肤未完全变干时黏贴造口袋会（    ）底盘的黏着力？（单选）;4;根据每个人皮肤状况的不同，因人而异。;N;Qtype;Accessory Easy;;points;
Accessory_Easy_28;夏季炎热，皮肤易发汗，汗液刺激皮肤，容易造成皮肤浸渍，缩短造口底盘佩戴时间，引起皮肤问题。为保持造口周围皮肤干燥清爽，应选用以下哪种附件产品？（单选）;1;黏胶祛除剂;N;Qtype;Accessory Easy;;points;
Accessory_Easy_28;夏季炎热，皮肤易发汗，汗液刺激皮肤，容易造成皮肤浸渍，缩短造口底盘佩戴时间，引起皮肤问题。为保持造口周围皮肤干燥清爽，应选用以下哪种附件产品？（单选）;2;造口护肤粉;Y;Qtype;Accessory Easy;;points;
Accessory_Easy_28;夏季炎热，皮肤易发汗，汗液刺激皮肤，容易造成皮肤浸渍，缩短造口底盘佩戴时间，引起皮肤问题。为保持造口周围皮肤干燥清爽，应选用以下哪种附件产品？（单选）;3;防漏膏;N;Qtype;Accessory Easy;;points;
Accessory_Easy_28;夏季炎热，皮肤易发汗，汗液刺激皮肤，容易造成皮肤浸渍，缩短造口底盘佩戴时间，引起皮肤问题。为保持造口周围皮肤干燥清爽，应选用以下哪种附件产品？（单选）;4;可塑贴环;N;Qtype;Accessory Easy;;points;
Accessory_Easy_29;下列哪些造口人士适用于使用弹力胶贴？（单选）;1;底盘易发生翘边或移位，造口旁疝或腹部肥胖的造口人士;N;Qtype;Accessory Easy;;points;
Accessory_Easy_29;下列哪些造口人士适用于使用弹力胶贴？（单选）;2;有社交或外出以及运动需求的造口人士（旅游、访友、游泳、跑步等）;N;Qtype;Accessory Easy;;points;
Accessory_Easy_29;下列哪些造口人士适用于使用弹力胶贴？（单选）;3;婴幼儿造口人士，无法使用造口腰带的人士。;N;Qtype;Accessory Easy;;points;
Accessory_Easy_29;下列哪些造口人士适用于使用弹力胶贴？（单选）;4;以上均适用;Y;Qtype;Accessory Easy;;points;
Accessory_Easy_30;以下关于Brava可塑贴环说法错误的是（单选） ;1; 普通型（2.0mm）适合所有造口人群，加厚型（4.2mm）适合造口形状较大或有造口凹陷问题的患者。;N;Qtype;Accessory Easy;;points;
Accessory_Easy_30;以下关于Brava可塑贴环说法错误的是（单选） ;2;将可塑贴环用手拉伸塑形，套向造口周围即完成佩戴。;Y;Qtype;Accessory Easy;;points;
Accessory_Easy_30;以下关于Brava可塑贴环说法错误的是（单选） ;3;将可塑贴环套向造口，可用手再次调整使贴环内环边缘紧密贴合造口周围。;N;Qtype;Accessory Easy;;points;
Accessory_Easy_30;以下关于Brava可塑贴环说法错误的是（单选） ;4;用手抚平贴环外缘使其与皮肤形成平面后再佩戴造口底盘。如操作不到位，有可能会造成排泄物的渗漏。;N;Qtype;Accessory Easy;;points;
Accessory_Easy_31;以下关于Brava可塑贴环说法错误的是 （单选）;1;可塑贴环的主要成分是丁烯共聚物、明胶等；其中的明胶取材于猪的皮肤和/或骨骼;N;Qtype;Accessory Easy;;points;
Accessory_Easy_31;以下关于Brava可塑贴环说法错误的是 （单选）;2;适用于所有造口类型以及所有形状的造口，有效预防渗漏。;N;Qtype;Accessory Easy;;points;
Accessory_Easy_31;以下关于Brava可塑贴环说法错误的是 （单选）;3;可塑性强，操作简单，易佩戴，易揭除。;N;Qtype;Accessory Easy;;points;
Accessory_Easy_31;以下关于Brava可塑贴环说法错误的是 （单选）;4;采用强效配方，长时间佩戴可保持形态完整，耐腐蚀，更换底盘无需更换可塑贴环。;Y;Qtype;Accessory Easy;;points;
Accessory_Easy_32;康乐保造口附件产品具有预防渗漏功能的是：（单选）;1;可塑贴环、弹力胶贴、防漏膏、防漏条;Y;Qtype;Accessory Easy;;points;
Accessory_Easy_32;康乐保造口附件产品具有预防渗漏功能的是：（单选）;2;造口护肤粉、 黏胶祛除喷剂、黏胶祛除擦纸、皮肤保护膜;N;Qtype;Accessory Easy;;points;
Accessory_Easy_32;康乐保造口附件产品具有预防渗漏功能的是：（单选）;3;造口护肤粉、 黏胶祛除喷剂、可塑贴环、弹力胶贴;N;Qtype;Accessory Easy;;points;
Accessory_Easy_32;康乐保造口附件产品具有预防渗漏功能的是：（单选）;4;可塑贴环、弹力胶贴、防漏膏、皮肤保护膜;N;Qtype;Accessory Easy;;points;
Accessory_Easy_33;以下关于可塑贴环，描述正确的是： （单选）  ;1;可塑贴环根据造口人的情况，每三到五天更换一次。;N;Qtype;Accessory Easy;;points;
Accessory_Easy_33;以下关于可塑贴环，描述正确的是： （单选）  ;2;可塑贴环可以任意塑形，但是不可以将其扯断。;N;Qtype;Accessory Easy;;points;
Accessory_Easy_33;以下关于可塑贴环，描述正确的是： （单选）  ;3;可塑贴环随底盘一同更换。;Y;Qtype;Accessory Easy;;points;
Accessory_Easy_33;以下关于可塑贴环，描述正确的是： （单选）  ;4;可塑贴环适用于所有类型的造口人士。;Y;Qtype;Accessory Easy;;points;
Accessory_Easy_34;以下哪种造口类型可以应用Brava可塑贴环，但是不可以应用防漏膏？（单选）;1;回肠造口;N;Qtype;Accessory Easy;;points;
Accessory_Easy_34;以下哪种造口类型可以应用Brava可塑贴环，但是不可以应用防漏膏？（单选）;2;结肠造口;N;Qtype;Accessory Easy;;points;
Accessory_Easy_34;以下哪种造口类型可以应用Brava可塑贴环，但是不可以应用防漏膏？（单选）;3;输尿管皮肤造口;Y;Qtype;Accessory Easy;;points;
Accessory_Easy_35;以下造口附件产品中，有效期为两年的产品是？（多选）;1;防漏膏;Y;Qtype;Accessory Easy;;points;
Accessory_Easy_35;以下造口附件产品中，有效期为两年的产品是？（多选）;2;防漏条;N;Qtype;Accessory Easy;;points;
Accessory_Easy_35;以下造口附件产品中，有效期为两年的产品是？（多选）;3;造口护肤粉;Y;Qtype;Accessory Easy;;points;
Accessory_Easy_35;以下造口附件产品中，有效期为两年的产品是？（多选）;4;弹力胶贴;N;Qtype;Accessory Easy;;points;
Accessory_Easy_35;以下造口附件产品中，有效期为两年的产品是？（多选）;5;可塑贴环;Y;Qtype;Accessory Easy;;points;
Accessory_Easy_35;以下造口附件产品中，有效期为两年的产品是？（多选）;6;皮肤保护膜;N;Qtype;Accessory Easy;;points;
Accessory_Easy_36;弹力胶贴和造口护肤粉以及防漏条在产品成份中共同含有是？（单选）;1;明胶;N;Qtype;Accessory Easy;;points;
Accessory_Easy_36;弹力胶贴和造口护肤粉以及防漏条在产品成份中共同含有是？（单选）;2;瓜尔豆胶;N;Qtype;Accessory Easy;;points;
Accessory_Easy_36;弹力胶贴和造口护肤粉以及防漏条在产品成份中共同含有是？（单选）;3;黄原胶;N;Qtype;Accessory Easy;;points;
Accessory_Easy_36;弹力胶贴和造口护肤粉以及防漏条在产品成份中共同含有是？（单选）;4;羧甲基纤维素钠;Y;Qtype;Accessory Easy;;points;
Accessory_Easy_37;Brava造口护肤粉的产地是？（单选）;1;中国珠海;Y;Qtype;Accessory Easy;;points;
Accessory_Easy_37;Brava造口护肤粉的产地是？（单选）;2;匈牙利;N;Qtype;Accessory Easy;;points;
Accessory_Easy_37;Brava造口护肤粉的产地是？（单选）;3;德国;N;Qtype;Accessory Easy;;points;
Accessory_Easy_37;Brava造口护肤粉的产地是？（单选）;4;丹麦 ;N;Qtype;Accessory Easy;;points;
Accessory_Easy_38;以下说法正确的是？（单选）;1;Brava造口附件产品均不含酒精，亲肤友好，均为非灭菌产品;Y;Qtype;Accessory Easy;;points;
Accessory_Easy_38;以下说法正确的是？（单选）;2;Brava造口附件产品均为进口产品;N;Qtype;Accessory Easy;;points;
Accessory_Easy_38;以下说法正确的是？（单选）;3;Brava弹力胶贴不可以裁剪，每次需要使用一片;N;Qtype;Accessory Easy;;points;
Accessory_Easy_38;以下说法正确的是？（单选）;4;Brava 可塑贴环单支包装盒为一次性使用，打开即无法再次密封;N;Qtype;Accessory Easy;;points;
Accessory_Easy_39;以下说法错误的是？（单选）;1;Brava防漏条在防漏产品中具有最强支撑性;N;Qtype;Accessory Easy;;points;
Accessory_Easy_39;以下说法错误的是？（单选）;2;Brava可塑贴环在防漏产品中具有最强可塑性，可以紧密贴合任意形状的造口。;N;Qtype;Accessory Easy;;points;
Accessory_Easy_39;以下说法错误的是？（单选）;3;Brava 可塑贴环对于大多数造口人士可以替代防漏膏有效预防渗漏;N;Qtype;Accessory Easy;;points;
Accessory_Easy_39;以下说法错误的是？（单选）;4;防漏膏可以配合可塑贴环一起使用，预防渗漏。;N;Qtype;Accessory Easy;;points;
Accessory_Easy_39;以下说法错误的是？（单选）;5;黏胶祛除剂喷剂不能用于日常生活中的黏胶;Y;Qtype;Accessory Easy;;points;
Accessory_Easy_40;造口凹陷的患者，推荐使用（     ）产品配合微凸或凸面底盘预防渗漏；它也可以配合平面底盘使用形成微凸或凸面底盘效果。（单选）;1;12030;N;Qtype;Accessory Easy;;points;
Accessory_Easy_40;造口凹陷的患者，推荐使用（     ）产品配合微凸或凸面底盘预防渗漏；它也可以配合平面底盘使用形成微凸或凸面底盘效果。（单选）;2;12042;Y;Qtype;Accessory Easy;;points;
Accessory_Easy_40;造口凹陷的患者，推荐使用（     ）产品配合微凸或凸面底盘预防渗漏；它也可以配合平面底盘使用形成微凸或凸面底盘效果。（单选）;3;12050;N;Qtype;Accessory Easy;;points;
Accessory_Easy_40;造口凹陷的患者，推荐使用（     ）产品配合微凸或凸面底盘预防渗漏；它也可以配合平面底盘使用形成微凸或凸面底盘效果。（单选）;4;12070;N;Qtype;Accessory Easy;;points;
Accessory_Hard_01;下列哪些情况不建议使用可塑贴环？（单选）;1;填平凹陷或褶皱的皮肤;N;Qtype;Accessory Hard;;points;
Accessory_Hard_01;下列哪些情况不建议使用可塑贴环？（单选）;2;造口已经突出皮肤很多的患者;Y;Qtype;Accessory Hard;;points;
Accessory_Hard_01;下列哪些情况不建议使用可塑贴环？（单选）;3;填平腹部明显的褶皱;N;Qtype;Accessory Hard;;points;
Accessory_Hard_01;下列哪些情况不建议使用可塑贴环？（单选）;4;填充并密封造口与底盘之间的缝隙;N;Qtype;Accessory Hard;;points;
Accessory_Hard_01;下列哪些情况不建议使用可塑贴环？（单选）;5;保护造口周围皮肤不会裸露（当造口底盘剪口不能与造口边缘形态完全匹配时）;N;Qtype;Accessory Hard;;points;
Accessory_Hard_02;可塑贴环具有哪两种双重作用可以有效预防排泄物渗漏？（单选） ;1;1、可紧密贴合造口及造口周围皮肤；2、隔离保护;Y;Qtype;Accessory Hard;;points;
Accessory_Hard_02;可塑贴环具有哪两种双重作用可以有效预防排泄物渗漏？（单选） ;2;可塑性和隔离保护;N;Qtype;Accessory Hard;;points;
Accessory_Hard_02;可塑贴环具有哪两种双重作用可以有效预防排泄物渗漏？（单选） ;3;可塑性和吸收性;N;Qtype;Accessory Hard;;points;
Accessory_Hard_03;对话研究中提到，有（   ）比例的造口护士会推荐使用附件产品进行日常造口护理（单选）;1;60%;N;Qtype;Accessory Hard;;points;
Accessory_Hard_03;对话研究中提到，有（   ）比例的造口护士会推荐使用附件产品进行日常造口护理（单选）;2;65%;N;Qtype;Accessory Hard;;points;
Accessory_Hard_03;对话研究中提到，有（   ）比例的造口护士会推荐使用附件产品进行日常造口护理（单选）;3;70%;Y;Qtype;Accessory Hard;;points;
Accessory_Hard_03;对话研究中提到，有（   ）比例的造口护士会推荐使用附件产品进行日常造口护理（单选）;4;75%;N;Qtype;Accessory Hard;;points;
Accessory_Hard_04;弹力胶贴的何种特性能够保证其牢固佩戴，提供安全防护？（多选）   ;1;独特的形状;N;Qtype;Accessory Hard;;points;
Accessory_Hard_04;弹力胶贴的何种特性能够保证其牢固佩戴，提供安全防护？（多选）   ;2;良好的弹性;Y;Qtype;Accessory Hard;;points;
Accessory_Hard_04;弹力胶贴的何种特性能够保证其牢固佩戴，提供安全防护？（多选）   ;3;具有坡度的边缘;Y;Qtype;Accessory Hard;;points;
Accessory_Hard_04;弹力胶贴的何种特性能够保证其牢固佩戴，提供安全防护？（多选）   ;4;芦荟成分;N;Qtype;Accessory Hard;;points;
Accessory_Hard_05;以下哪些附件产品的有效期是3年？（多选）  ;1;造口防漏条;Y;Qtype;Accessory Hard;;points;
Accessory_Hard_05;以下哪些附件产品的有效期是3年？（多选）  ;2;皮肤保护膜;Y;Qtype;Accessory Hard;;points;
Accessory_Hard_05;以下哪些附件产品的有效期是3年？（多选）  ;3;可塑贴环;N;Qtype;Accessory Hard;;points;
Accessory_Hard_05;以下哪些附件产品的有效期是3年？（多选）  ;4;弹力胶贴;Y;Qtype;Accessory Hard;;points;
Accessory_Hard_05;以下哪些附件产品的有效期是3年？（多选）  ;5;造口护肤粉;N;Qtype;Accessory Hard;;points;
Accessory_Hard_05;以下哪些附件产品的有效期是3年？（多选）  ;6;腰带;N;Qtype;Accessory Hard;;points;
Accessory_Hard_06;防漏膏、防漏条、可塑贴环同为预防渗漏类产品，其产品特性由于成分组成的不同而有所区别，以下表述正确的是？（多选）;1;操作方便性：防漏膏<可塑贴环。防漏膏操作需要使用湿手指或湿棉签进行抚平。;Y;Qtype;Accessory Hard;;points;
Accessory_Hard_06;防漏膏、防漏条、可塑贴环同为预防渗漏类产品，其产品特性由于成分组成的不同而有所区别，以下表述正确的是？（多选）;2;可塑性：防漏条<可塑贴环，可塑贴环操作简单，能够塑形紧密贴合任意形状造口。;Y;Qtype;Accessory Hard;;points;
Accessory_Hard_06;防漏膏、防漏条、可塑贴环同为预防渗漏类产品，其产品特性由于成分组成的不同而有所区别，以下表述正确的是？（多选）;3;支撑性：防漏膏>可塑贴环。防漏膏适用于填充皮肤浅表褶皱和疤痕。;N;Qtype;Accessory Hard;;points;
Accessory_Hard_06;防漏膏、防漏条、可塑贴环同为预防渗漏类产品，其产品特性由于成分组成的不同而有所区别，以下表述正确的是？（多选）;4;支撑性：防漏条>可塑贴环>防漏膏,防漏条适合于填充皮肤表面较深的疤痕。;Y;Qtype;Accessory Hard;;points;
Accessory_Hard_07;Brava ®防漏膏与之前的康乐保防漏膏（2650）相比，描述正确的是? （单选）;1;不含异丙醇成分，不刺激皮肤，更加持久耐用，有效预防排泄物渗漏，净含量与康乐保防漏膏（2650）相同。;Y;Qtype;Accessory Hard;;points;
Accessory_Hard_07;Brava ®防漏膏与之前的康乐保防漏膏（2650）相比，描述正确的是? （单选）;2;成分一致，仅变更包装;N;Qtype;Accessory Hard;;points;
Accessory_Hard_07;Brava ®防漏膏与之前的康乐保防漏膏（2650）相比，描述正确的是? （单选）;3;不含异丙醇成分，净含量较康乐保防漏膏（2650）更少。;N;Qtype;Accessory Hard;;points;
Accessory_Hard_07;Brava ®防漏膏与之前的康乐保防漏膏（2650）相比，描述正确的是? （单选）;4;净含量较康乐保防漏膏（2650）更少，不含酒精配方，可以长时间，不易变干。;N;Qtype;Accessory Hard;;points;
Accessory_Hard_08;以下描述正确的是？（多选）;1;所有Brava®造口附件产品均不含有酒精成分，亲肤友好;Y;Qtype;Accessory Hard;;points;
Accessory_Hard_08;以下描述正确的是？（多选）;2;Brava®造口附件产品不含酒精，可以应用于所有的造口人士，包括在保温箱里的早产儿。;N;Qtype;Accessory Hard;;points;
Accessory_Hard_08;以下描述正确的是？（多选）;3;Brava®造口附件产品为非灭菌产品，适用于所有在非灭菌环境下接受护理的造口人士，不应使用于免疫系统受损或使用药物抑制免疫系统的人士，也不应用于早产儿或正在保温箱接受护理的婴儿。;Y;Qtype;Accessory Hard;;points;
Accessory_Hard_08;以下描述正确的是？（多选）;4;Brava造口附件产品可以应用于身体状况良好的儿童造口患者;Y;Qtype;Accessory Hard;;points;
Accessory_Hard_09;以下造口附件产品中，有效期最长的是？（单选）;1;可塑贴环;N;Qtype;Accessory Hard;;points;
Accessory_Hard_09;以下造口附件产品中，有效期最长的是？（单选）;2;弹力胶贴;N;Qtype;Accessory Hard;;points;
Accessory_Hard_09;以下造口附件产品中，有效期最长的是？（单选）;3;防漏膏;N;Qtype;Accessory Hard;;points;
Accessory_Hard_09;以下造口附件产品中，有效期最长的是？（单选）;4;防漏条;N;Qtype;Accessory Hard;;points;
Accessory_Hard_09;以下造口附件产品中，有效期最长的是？（单选）;5;黏胶祛除剂;N;Qtype;Accessory Hard;;points;
Accessory_Hard_09;以下造口附件产品中，有效期最长的是？（单选）;6;腰带;Y;Qtype;Accessory Hard;;points;
Accessory_Hard_10;明胶是一种无色无味，无挥发性、透明坚硬的非晶体物质，可溶于热水，不溶于冷水，但可以缓慢吸水膨胀软化，明胶可吸收相当于重量5-10倍的水。（   ）中的明胶成分取材于猪的皮肤和/或骨骼 （多选）;1;防漏膏;Y;Qtype;Accessory Hard;;points;
Accessory_Hard_10;明胶是一种无色无味，无挥发性、透明坚硬的非晶体物质，可溶于热水，不溶于冷水，但可以缓慢吸水膨胀软化，明胶可吸收相当于重量5-10倍的水。（   ）中的明胶成分取材于猪的皮肤和/或骨骼 （多选）;2;可塑贴环;Y;Qtype;Accessory Hard;;points;
Accessory_Hard_10;明胶是一种无色无味，无挥发性、透明坚硬的非晶体物质，可溶于热水，不溶于冷水，但可以缓慢吸水膨胀软化，明胶可吸收相当于重量5-10倍的水。（   ）中的明胶成分取材于猪的皮肤和/或骨骼 （多选）;3;弹力胶贴;N;Qtype;Accessory Hard;;points;
Accessory_Hard_10;明胶是一种无色无味，无挥发性、透明坚硬的非晶体物质，可溶于热水，不溶于冷水，但可以缓慢吸水膨胀软化，明胶可吸收相当于重量5-10倍的水。（   ）中的明胶成分取材于猪的皮肤和/或骨骼 （多选）;4;造口护肤粉;N;Qtype;Accessory Hard;;points;
Accessory_Hard_10;明胶是一种无色无味，无挥发性、透明坚硬的非晶体物质，可溶于热水，不溶于冷水，但可以缓慢吸水膨胀软化，明胶可吸收相当于重量5-10倍的水。（   ）中的明胶成分取材于猪的皮肤和/或骨骼 （多选）;5;黏胶驱除剂;N;Qtype;Accessory Hard;;points;
Remover_Easy_01;Brava黏胶祛除剂有效期是？  （单选）;1;1年;N;Qtype;Remover Easy;;points;
Remover_Easy_01;Brava黏胶祛除剂有效期是？  （单选）;2;2年;N;Qtype;Remover Easy;;points;
Remover_Easy_01;Brava黏胶祛除剂有效期是？  （单选）;3;3年;N;Qtype;Remover Easy;;points;
Remover_Easy_01;Brava黏胶祛除剂有效期是？  （单选）;4;4年;Y;Qtype;Remover Easy;;points;
Remover_Easy_02;对于Brava黏胶祛除喷剂，以下描述正确的是？ （多选）;1;可多角度喷射，操作灵活;Y;Qtype;Remover Easy;;points;
Remover_Easy_02;对于Brava黏胶祛除喷剂，以下描述正确的是？ （多选）;2;特殊瓶体设计，确保内容物可以全部用尽，不产生浪费;Y;Qtype;Remover Easy;;points;
Remover_Easy_02;对于Brava黏胶祛除喷剂，以下描述正确的是？ （多选）;3;50ml独立包装，可供专人专用，安全卫生;Y;Qtype;Remover Easy;;points;
Remover_Easy_02;对于Brava黏胶祛除喷剂，以下描述正确的是？ （多选）;4;仅能竖直喷射，不可水平或倒立瓶体喷射;N;Qtype;Remover Easy;;points;
Remover_Easy_03;Brava黏胶祛除剂的剂型包括？（多选）;1;喷剂;Y;Qtype;Remover Easy;;points;
Remover_Easy_03;Brava黏胶祛除剂的剂型包括？（多选）;2;瓶装液体;N;Qtype;Remover Easy;;points;
Remover_Easy_03;Brava黏胶祛除剂的剂型包括？（多选）;3;瓶装固体;N;Qtype;Remover Easy;;points;
Remover_Easy_03;Brava黏胶祛除剂的剂型包括？（多选）;4;擦纸;Y;Qtype;Remover Easy;;points;
Remover_Easy_04;对于Brava黏胶祛除剂，以下描述正确的一项是？  （单选）;1;硅基底，不含酒精，对皮肤温和无刺激;Y;Qtype;Remover Easy;;points;
Remover_Easy_04;对于Brava黏胶祛除剂，以下描述正确的一项是？  （单选）;2;仅有1种剂型;N;Qtype;Remover Easy;;points;
Remover_Easy_04;对于Brava黏胶祛除剂，以下描述正确的一项是？  （单选）;3;含有酒精;N;Qtype;Remover Easy;;points;
Remover_Easy_04;对于Brava黏胶祛除剂，以下描述正确的一项是？  （单选）;4;婴幼儿不能使用;N;Qtype;Remover Easy;;points;
Remover_Easy_05;Brava黏胶祛除剂不可用于以下哪一项？（单选）;1;祛除造口底盘;N;Qtype;Remover Easy;;points;
Remover_Easy_05;Brava黏胶祛除剂不可用于以下哪一项？（单选）;2;保护造口周围皮肤;Y;Qtype;Remover Easy;;points;
Remover_Easy_05;Brava黏胶祛除剂不可用于以下哪一项？（单选）;3;祛除伤口敷料;N;Qtype;Remover Easy;;points;
Remover_Easy_05;Brava黏胶祛除剂不可用于以下哪一项？（单选）;4;祛除残留黏胶;N;Qtype;Remover Easy;;points;
Remover_Easy_06;2013年发表于JWOCN杂志的《___________________________评估、预防及治疗专家共识》推荐使用粘胶祛除剂？（单选）;1;造口周围皮肤并发症;N;Qtype;Remover Easy;;points;
Remover_Easy_06;2013年发表于JWOCN杂志的《___________________________评估、预防及治疗专家共识》推荐使用粘胶祛除剂？（单选）;2;伤口;N;Qtype;Remover Easy;;points;
Remover_Easy_06;2013年发表于JWOCN杂志的《___________________________评估、预防及治疗专家共识》推荐使用粘胶祛除剂？（单选）;3;医用黏胶相关性皮肤损伤;Y;Qtype;Remover Easy;;points;
Remover_Easy_06;2013年发表于JWOCN杂志的《___________________________评估、预防及治疗专家共识》推荐使用粘胶祛除剂？（单选）;4;潮湿相关性皮肤损伤;N;Qtype;Remover Easy;;points;
Remover_Easy_07;MARSI高危因素包括？（多选）;1;造口旁疝;N;Qtype;Remover Easy;;points;
Remover_Easy_07;MARSI高危因素包括？（多选）;2;放射治疗;Y;Qtype;Remover Easy;;points;
Remover_Easy_07;MARSI高危因素包括？（多选）;3;高龄/婴幼儿;Y;Qtype;Remover Easy;;points;
Remover_Easy_07;MARSI高危因素包括？（多选）;4;同一位置反复黏贴医用粘胶;Y;Qtype;Remover Easy;;points;
Remover_Easy_08;以下有关Brava黏胶祛除喷剂操作描述正确的是？（单选）;1;将造口底盘边缘翘起，持黏胶祛除剂喷剂喷在边缘处，稍等几秒后，沿边缘轻柔揭去造口底盘;Y;Qtype;Remover Easy;;points;
Remover_Easy_08;以下有关Brava黏胶祛除喷剂操作描述正确的是？（单选）;2;持喷剂喷在底盘周围，稍等几秒后，沿边缘轻柔揭去造口底盘;N;Qtype;Remover Easy;;points;
Remover_Easy_08;以下有关Brava黏胶祛除喷剂操作描述正确的是？（单选）;3;将造口底盘边缘翘起，持黏胶祛除剂喷剂喷在边缘处，沿边缘轻柔揭去造口底盘;N;Qtype;Remover Easy;;points;
Remover_Easy_09;以下哪些场景更适合应用黏胶祛除剂擦纸剂型？（多选）;1;祛除残留粘胶;Y;Qtype;Remover Easy;;points;
Remover_Easy_09;以下哪些场景更适合应用黏胶祛除剂擦纸剂型？（多选）;2;患者面部应用;Y;Qtype;Remover Easy;;points;
Remover_Easy_09;以下哪些场景更适合应用黏胶祛除剂擦纸剂型？（多选）;3;伤口周边;Y;Qtype;Remover Easy;;points;
Remover_Easy_10;Brava黏胶祛除喷剂容量？（单选）;1;50ml;Y;Qtype;Remover Easy;;points;
Remover_Easy_10;Brava黏胶祛除喷剂容量？（单选）;2;100ml;N;Qtype;Remover Easy;;points;
Remover_Easy_10;Brava黏胶祛除喷剂容量？（单选）;3;150ml;N;Qtype;Remover Easy;;points;
Remover_Easy_10;Brava黏胶祛除喷剂容量？（单选）;4;200ml;N;Qtype;Remover Easy;;points;
Remover_Easy_11;以下对Brava黏胶祛除剂描述正确的是？（多选）;1;Brava黏胶祛除剂只适合推荐给应用特舒/安舒造口底盘的患者使用;N;Qtype;Remover Easy;;points;
Remover_Easy_11;以下对Brava黏胶祛除剂描述正确的是？（多选）;2;Brava黏胶祛除剂喷剂剂型目前国内临床没有同类竞品;Y;Qtype;Remover Easy;;points;
Remover_Easy_11;以下对Brava黏胶祛除剂描述正确的是？（多选）;3;Brava黏胶祛除剂可以应用于日常家庭护理;Y;Qtype;Remover Easy;;points;
Remover_Easy_12;以下对Brava黏胶祛除剂描述正确的是？（单选）;1;Brava黏胶祛除喷剂和擦纸主要成分相同;Y;Qtype;Remover Easy;;points;
Remover_Easy_12;以下对Brava黏胶祛除剂描述正确的是？（单选）;2;Brava黏胶祛除喷剂使用前需要摇匀;N;Qtype;Remover Easy;;points;
Remover_Easy_12;以下对Brava黏胶祛除剂描述正确的是？（单选）;3;Brava黏胶祛除剂应用于皮肤后，应进行清洁;N;Qtype;Remover Easy;;points;
Remover_Easy_13;以下对Brava黏胶祛除剂描述正确的是？（多选）;1;Brava黏胶祛除剂应用不会影响医用粘胶粘性;Y;Qtype;Remover Easy;;points;
Remover_Easy_13;以下对Brava黏胶祛除剂描述正确的是？（多选）;2;Brava黏胶祛除剂可迅速干燥;Y;Qtype;Remover Easy;;points;
Remover_Easy_13;以下对Brava黏胶祛除剂描述正确的是？（多选）;3;硅基底，惰性成分，不经皮吸收代谢，使用安全有效;Y;Qtype;Remover Easy;;points;
Remover_Easy_14;判断：Brava黏胶祛除擦纸可重复使用  （单选）;1;正确;N;Qtype;Remover Easy;;points;
Remover_Easy_14;判断：Brava黏胶祛除擦纸可重复使用  （单选）;2;错误;Y;Qtype;Remover Easy;;points;
Remove_Hard_01;临床常用祛除医用黏胶方法比较，以下描述正确的是？ （多选）;1;硅基底黏胶祛除剂除胶效果显著，惰性成分、不经皮吸收代谢，安全亲肤;Y;Qtype;Remover Hard;;points;
Remove_Hard_01;临床常用祛除医用黏胶方法比较，以下描述正确的是？ （多选）;2;生理盐水可以有效祛除医用黏胶;N;Qtype;Remover Hard;;points;
Remove_Hard_01;临床常用祛除医用黏胶方法比较，以下描述正确的是？ （多选）;3;石油基底祛除剂有一定除胶效果，但石油提取物易残留在皮肤上，影响后续护理操作;Y;Qtype;Remover Hard;;points;
Remove_Hard_01;临床常用祛除医用黏胶方法比较，以下描述正确的是？ （多选）;4;酒精基底祛除剂有一定除胶效果，但酒精经皮吸收且酒精挥发过程中，血管收缩，带走皮肤水分，易引发皮肤干燥、破裂，且刺激性强、患者易感到疼痛;Y;Qtype;Remover Hard;;points;
